Campaign_ID,Campaign_Type,Target_Audience,Channel_Used,Language,Customer_Segment,campaign_start_date,campaign_end_date,total_duration_days,impressions,clicks,leads,conversions,revenue,acquisition_cost,avg_roi,avg_engagement_score,ctr,cpc,conversion_rate,cpa,roas
NY-CMP-1000,"Social Media","College Students","WhatsApp, YouTube",Hindi,"College Students",2025-04-29,2025-04-29,21,57804,6156,3616,2355,1867515,111.03,6.14,20.98,0.1065,0.01803606237816764,0.3826,0.047146496815286626,16819.913536881922
NY-CMP-1001,"Paid Ads","Tier 2 City Customers",YouTube,Hindi,"College Students",2025-04-06,2025-04-06,18,91801,3321,1971,1357,1046247,180.83,3.26,7.24,0.0362,0.054450466726889496,0.4086,0.13325718496683864,5785.8043466239005
NY-CMP-1002,Influencer,Youth,"WhatsApp, Google, YouTube",English,"College Students",2025-01-14,2025-01-14,23,15536,2182,952,755,197055,90.6,1.88,25.03,0.1404,0.04152153987167736,0.3460,0.12,2175
NY-CMP-1003,Email,"Working Women","YouTube, Facebook, Instagram",Hindi,"College Students",2025-06-04,2025-06-04,18,88114,8413,2231,947,376906,249.07,0.6,13.15,0.0955,0.02960537263758469,0.1126,0.2630095036958817,1513.2533022844984
NY-CMP-1004,"Paid Ads","College Students","Facebook, Instagram",Hindi,"Tier 2 City Customers",2024-12-29,2024-12-29,10,96871,3743,2060,1258,518296,228.6,0.8,7.29,0.0386,0.061074004808976755,0.3361,0.18171701112877583,2267.2615923009625
NY-CMP-1005,Influencer,Youth,"Email, Instagram",Hindi,"Premium Shoppers",2024-09-23,2024-09-23,26,83919,7497,2061,1555,877020,137.79,3.09,13.24,0.0893,0.018379351740696277,0.2074,0.08861093247588424,6364.903113433486
NY-CMP-1006,"Paid Ads","College Students","YouTube, Google, WhatsApp",Tamil,Youth,2024-09-01,2024-09-01,21,82267,5534,1873,1386,633402,210.17,1.17,10.69,0.0673,0.03797795446331767,0.2505,0.15163780663780663,3013.760289289623
NY-CMP-1007,"Social Media","Working Women","Instagram, WhatsApp, Google",Hindi,"Tier 2 City Customers",2025-05-31,2025-05-31,6,32482,2665,1488,925,326525,147.29,1.4,15.63,0.0820,0.05526829268292682,0.3471,0.15923243243243243,2216.8850566908823
NY-CMP-1008,Influencer,"Premium Shoppers","Facebook, WhatsApp, Email",Hindi,"Tier 2 City Customers",2025-03-24,2025-03-24,27,73813,8680,5031,2551,1058665,87.74,3.73,22.03,0.1176,0.010108294930875575,0.2939,0.03439435515484124,12065.93343970823
NY-CMP-1009,"Social Media","College Students",Email,Hindi,Youth,2025-04-29,2025-04-29,11,88895,6284,1600,858,603174,269.82,1.61,9.83,0.0707,0.042937619350732016,0.1365,0.31447552447552446,2235.4680898376696
NY-CMP-1010,SEO,"Working Women","Google, Instagram",Hindi,"Working Women",2024-10-26,2024-10-26,5,59141,1556,580,221,121550,357.66,0.54,3.99,0.0263,0.22985861182519282,0.1420,1.618371040723982,339.8479002404518
NY-CMP-1011,SEO,Youth,"Facebook, YouTube",Hindi,"Premium Shoppers",2024-12-21,2024-12-21,7,39696,5623,1136,661,286874,163.52,1.65,18.69,0.1417,0.029080561977592033,0.1176,0.24738275340393345,1754.3664383561643
NY-CMP-1012,Email,Youth,"Email, Instagram, Facebook",Bengali,"Working Women",2024-09-30,2024-09-30,29,20080,570,258,183,128466,462.62,0.52,5.03,0.0284,0.8116140350877193,0.3211,2.5279781420765026,277.69227443690284
NY-CMP-1013,SEO,Youth,Email,Tamil,"Premium Shoppers",2024-10-29,2024-10-29,14,96303,3749,1785,940,441800,282.05,0.67,6.72,0.0389,0.07523339557215258,0.2507,0.3000531914893617,1566.3889381315369
NY-CMP-1014,"Paid Ads","Premium Shoppers",Instagram,Bengali,"College Students",2024-07-06,2024-07-06,5,38072,2591,1542,769,240697,369.75,-0.15,12.88,0.0681,0.1427055191045928,0.2968,0.48081924577373214,650.972278566599
NY-CMP-1015,"Paid Ads","Working Women","Facebook, Instagram, Email",Hindi,"Premium Shoppers",2024-10-06,2024-10-06,23,28714,1511,441,158,33654,1648.61,-0.87,7.35,0.0526,1.0910721376571806,0.1046,10.434240506329113,20.413560514615344
NY-CMP-1016,SEO,"College Students",WhatsApp,English,"College Students",2024-12-18,2024-12-18,27,73474,4886,2344,1055,263750,272.28,-0.08,11.28,0.0665,0.0557265656979124,0.2159,0.258085308056872,968.6719553400911
NY-CMP-1017,"Paid Ads","Premium Shoppers","Google, YouTube, Instagram",Hindi,"Premium Shoppers",2025-04-19,2025-04-19,28,57060,1659,928,346,187186,448.86,0.21,5.14,0.0291,0.2705605786618445,0.2086,1.2972832369942198,417.02535311678474
NY-CMP-1018,SEO,"Tier 2 City Customers",WhatsApp,Tamil,"Working Women",2025-01-18,2025-01-18,7,49784,1510,594,440,261800,115.42,4.16,5.11,0.0303,0.07643708609271524,0.2914,0.26231818181818184,2268.2377404262693
NY-CMP-1019,"Paid Ads","College Students",Instagram,English,"Tier 2 City Customers",2025-02-16,2025-02-16,21,55317,7847,1736,1079,715377,174.65,2.8,19.27,0.1419,0.02225691347011597,0.1375,0.16186283595922152,4096.0606928142
NY-CMP-1020,"Paid Ads","Premium Shoppers","Google, YouTube",Bengali,Youth,2024-08-27,2024-08-27,27,10678,1217,524,163,111981,1124.19,-0.39,17.83,0.1140,0.9237387017255547,0.1339,6.896871165644172,99.61038614469084
NY-CMP-1021,SEO,"Working Women","Instagram, YouTube, Google",Hindi,Youth,2025-01-30,2025-01-30,22,27990,3508,761,385,155540,516.25,-0.22,16.63,0.1253,0.1471636259977195,0.1097,1.3409090909090908,301.2881355932203
NY-CMP-1022,Email,"Working Women","WhatsApp, YouTube",Bengali,"Premium Shoppers",2025-02-03,2025-02-03,9,74423,3139,1622,1149,629652,89.52,5.12,7.94,0.0422,0.028518636508442177,0.3660,0.077911227154047,7033.646112600536
NY-CMP-1023,SEO,"Working Women","Google, Email, WhatsApp",Bengali,"Tier 2 City Customers",2025-05-07,2025-05-07,9,77708,4985,1363,916,632040,120.36,4.73,9.35,0.0642,0.0241444332998997,0.1838,0.13139737991266376,5251.246261216351
NY-CMP-1024,SEO,"Working Women","YouTube, Facebook",English,"Working Women",2025-03-10,2025-03-10,21,89970,10679,4140,3003,1537536,69.87,6.33,19.81,0.1187,0.0065427474482629465,0.2812,0.02326673326673327,22005.667668527265
NY-CMP-1025,SEO,"Working Women","Google, Facebook",Hindi,"Tier 2 City Customers",2024-11-17,2024-11-17,25,96295,8911,2116,872,441232,148.17,2.41,12.36,0.0925,0.016627763438446862,0.0979,0.16991972477064218,2977.8767631774317
NY-CMP-1026,Influencer,"Working Women","Google, Instagram, WhatsApp",Tamil,"College Students",2024-10-16,2024-10-16,29,59234,4994,1531,892,226568,270.76,-0.06,12.52,0.0843,0.05421706047256708,0.1786,0.30354260089686097,836.7853449549417
NY-CMP-1027,"Social Media","Working Women",YouTube,Tamil,"Premium Shoppers",2025-02-10,2025-02-10,15,74702,10110,5298,2481,1220652,49.62,8.91,23.95,0.1353,0.004908011869436201,0.2454,0.02,24600
NY-CMP-1028,"Paid Ads",Youth,"Instagram, Google, YouTube",Tamil,"College Students",2025-03-30,2025-03-30,15,26353,3943,1879,746,458044,214.56,1.86,24.92,0.1496,0.05441541973116916,0.1892,0.28761394101876675,2134.806114839672
NY-CMP-1029,Email,Youth,"WhatsApp, Instagram, Email",English,Youth,2024-07-24,2024-07-24,26,16978,1079,372,164,56908,1784.37,-0.81,9.51,0.0636,1.653725671918443,0.1520,10.88030487804878,31.892488665467365
NY-CMP-1030,SEO,"College Students",YouTube,English,Youth,2025-03-17,2025-03-17,18,92924,9525,4340,2242,652422,27.28,9.67,17.33,0.1025,0.0028640419947506563,0.2354,0.01216770740410348,23915.762463343108
NY-CMP-1031,SEO,"Working Women","Email, Facebook, WhatsApp",Hindi,"Premium Shoppers",2025-06-04,2025-06-04,7,96549,13114,3791,1202,366610,74.34,3.1,18.75,0.1358,0.005668750953179808,0.0917,0.061846921797004996,4931.53080441216
NY-CMP-1032,"Social Media","Premium Shoppers","Instagram, WhatsApp, Facebook",Tamil,"Premium Shoppers",2025-05-09,2025-05-09,17,72628,6488,1923,1181,243286,231.17,-0.11,13.21,0.0893,0.03563039457459926,0.1820,0.19574089754445384,1052.4116451096595
NY-CMP-1033,"Social Media",Youth,"WhatsApp, Google, YouTube",English,Youth,2024-12-31,2024-12-31,19,61270,3309,1588,582,346872,320.86,0.86,8.94,0.0540,0.09696585071018435,0.1759,0.5513058419243987,1081.0696253817864
NY-CMP-1034,SEO,"College Students","Email, Facebook, YouTube",Tamil,"Working Women",2024-07-05,2024-07-05,22,29199,1719,704,274,101928,727.09,-0.49,9.24,0.0589,0.42297265852239674,0.1594,2.6536131386861315,140.1862217882243
NY-CMP-1035,"Paid Ads","College Students","Google, Facebook, WhatsApp",Tamil,"Tier 2 City Customers",2024-10-12,2024-10-12,11,19637,478,236,173,108471,498.5,0.26,4.52,0.0243,1.042887029288703,0.3619,2.8815028901734103,217.59478435305917
NY-CMP-1036,Influencer,"Premium Shoppers","Facebook, Instagram, Email",Hindi,"Tier 2 City Customers",2024-12-07,2024-12-07,19,23746,1503,747,458,101218,229.15,-0.04,11.4,0.0633,0.15246174318030606,0.3047,0.5003275109170305,441.7106698668994
NY-CMP-1037,"Paid Ads","Tier 2 City Customers","Facebook, YouTube, Email",Bengali,Youth,2024-10-18,2024-10-18,6,53926,7219,1902,1105,339235,221.64,0.39,18.96,0.1339,0.030702313339797754,0.1531,0.20057918552036197,1530.567587078145
NY-CMP-1038,Influencer,"Premium Shoppers",Email,English,Youth,2025-03-22,2025-03-22,6,35806,2631,999,365,198925,362.79,0.5,11.16,0.0735,0.13789053591790196,0.1387,0.9939452054794521,548.3199647178808
NY-CMP-1039,Email,"Premium Shoppers","Facebook, YouTube, Instagram",Bengali,Youth,2024-10-21,2024-10-21,6,31729,2418,773,403,207142,400.55,0.28,11.33,0.0762,0.16565343258891646,0.1667,0.9939205955334988,517.1439271002372
NY-CMP-1040,Influencer,"Premium Shoppers",Email,English,"Tier 2 City Customers",2024-09-15,2024-09-15,29,10338,864,412,299,127075,438.17,-0.03,15.24,0.0836,0.5071412037037037,0.3461,1.4654515050167225,290.01300864961087
NY-CMP-1041,"Paid Ads","Tier 2 City Customers","Instagram, WhatsApp, Facebook",Bengali,"College Students",2025-03-23,2025-03-23,7,96095,12738,6327,2845,631590,56.36,2.94,22.8,0.1326,0.004424556445281834,0.2233,0.019810193321616872,11206.352022711142
NY-CMP-1042,Influencer,"Premium Shoppers","WhatsApp, YouTube, Instagram",Hindi,"Working Women",2024-08-31,2024-08-31,7,96219,11237,5367,3599,910547,68.47,2.69,21,0.1168,0.006093263326510634,0.3203,0.019024729091414283,13298.481086607273
NY-CMP-1043,Influencer,"Premium Shoppers",YouTube,Tamil,"College Students",2025-05-29,2025-05-29,30,37002,2753,979,780,371280,123.02,2.87,12.19,0.0744,0.04468579731202325,0.2833,0.15771794871794872,3018.0458462038696
NY-CMP-1044,SEO,"College Students","Google, Instagram",Bengali,"Tier 2 City Customers",2025-04-26,2025-04-26,29,65776,4977,1606,901,370311,74.44,4.52,11.38,0.0757,0.014956801285915209,0.1810,0.08261931187569367,4974.623858140784
NY-CMP-1045,"Social Media","Tier 2 City Customers",WhatsApp,English,"Premium Shoppers",2024-08-24,2024-08-24,12,57520,3932,2101,1431,1027458,128.93,4.57,12.98,0.0684,0.03278992878942014,0.3639,0.09009783368273935,7969.115023656247
NY-CMP-1046,Email,"Working Women","Facebook, WhatsApp, Google",Bengali,Youth,2024-08-05,2024-08-05,24,52752,5831,3299,2095,509085,139.77,0.74,21.28,0.1105,0.023970159492368377,0.3593,0.06671599045346062,3642.3052157115258
NY-CMP-1047,"Social Media","College Students",YouTube,Hindi,"Working Women",2025-04-02,2025-04-02,5,14944,1268,482,318,104304,319.84,0.03,13.84,0.0849,0.25223974763406937,0.2508,1.0057861635220124,326.11305652826417
NY-CMP-1048,Email,Youth,Instagram,Tamil,"Working Women",2024-08-22,2024-08-22,22,53290,3905,1034,535,344540,131.77,3.89,10.27,0.0733,0.03374391805377721,0.1370,0.24629906542056076,2614.7074447901646
NY-CMP-1049,SEO,"Working Women",Google,English,"Working Women",2025-03-04,2025-03-04,14,41687,2215,911,568,358408,277.67,1.27,8.86,0.0531,0.12535891647855532,0.2564,0.48885563380281694,1290.7696186120213
NY-CMP-1050,"Paid Ads","Working Women","WhatsApp, Facebook",English,"Working Women",2024-11-04,2024-11-04,30,67932,9449,5194,3230,839800,33.28,6.81,26.31,0.1391,0.0035220658270716477,0.3418,0.010303405572755418,25234.375
NY-CMP-1051,Email,"Tier 2 City Customers","Google, YouTube",Hindi,"Premium Shoppers",2025-04-16,2025-04-16,16,78991,6551,3460,2657,810385,49.89,5.11,16.04,0.0829,0.007615631201343306,0.4056,0.018776815957847196,16243.435558228102
NY-CMP-1052,"Social Media","Working Women","Facebook, Instagram, WhatsApp",Bengali,"Premium Shoppers",2024-11-15,2024-11-15,12,97822,5691,2022,1271,579576,210.15,1.17,9.18,0.0582,0.03692672641012124,0.2233,0.16534225019669552,2757.9157744468234
NY-CMP-1053,Email,"Tier 2 City Customers","YouTube, Facebook, Email",English,"Premium Shoppers",2024-08-07,2024-08-07,14,77985,6461,3033,1379,995638,180.5,3,13.94,0.0828,0.02793685188051385,0.2134,0.130891950688905,5516
NY-CMP-1054,"Paid Ads","Working Women","Google, YouTube, Instagram",Tamil,"College Students",2025-06-13,2025-06-13,12,82079,2124,1057,472,232224,620.82,-0.21,4.45,0.0259,0.29228813559322037,0.2222,1.3152966101694916,374.06011404271766
NY-CMP-1055,"Paid Ads","Tier 2 City Customers",Instagram,Bengali,"Premium Shoppers",2025-03-18,2025-03-18,16,66781,8932,3662,1790,721370,150.42,1.68,21.54,0.1338,0.016840573219883564,0.2004,0.08403351955307262,4795.705358330009
NY-CMP-1056,Influencer,"Working Women","Email, Facebook",English,"Tier 2 City Customers",2024-07-27,2024-07-27,11,72001,8840,2425,1271,846486,54.74,11.17,17.41,0.1228,0.006192307692307692,0.1438,0.0430684500393391,15463.755937157472
NY-CMP-1057,Email,Youth,"WhatsApp, YouTube",Hindi,"Tier 2 City Customers",2024-12-03,2024-12-03,27,43454,5590,1836,1046,343088,182.35,0.8,19.5,0.1286,0.032620751341681575,0.1871,0.17433078393881452,1881.4806690430491
NY-CMP-1058,Influencer,"College Students","Instagram, Google",Tamil,"Tier 2 City Customers",2025-02-13,2025-02-13,28,24558,1700,671,326,235698,189.39,2.82,10.98,0.0692,0.11140588235294117,0.1918,0.5809509202453987,1244.5113258355775
NY-CMP-1059,Email,"Tier 2 City Customers","Instagram, Email, YouTube",Bengali,"Tier 2 City Customers",2025-03-11,2025-03-11,12,51784,3169,1762,1042,803382,141.09,4.46,11.53,0.0612,0.04452193120858315,0.3288,0.13540307101727447,5694.110142462258
NY-CMP-1060,SEO,"Tier 2 City Customers","YouTube, Facebook, Google",Bengali,"College Students",2025-01-10,2025-01-10,12,61841,6086,2165,1542,1201218,38.2,19.39,15.84,0.0984,0.0062767006243838325,0.2534,0.024773022049286643,31445.49738219895
NY-CMP-1061,SEO,Youth,Email,Bengali,Youth,2025-04-30,2025-04-30,5,80683,2154,985,786,248376,244.18,0.29,4.86,0.0267,0.11336118848653667,0.3649,0.3106615776081425,1017.1840445572938
NY-CMP-1062,Email,"Premium Shoppers","Facebook, Instagram",Bengali,"Tier 2 City Customers",2024-09-01,2024-09-01,20,82701,4194,1345,869,323268,230.37,0.61,7.75,0.0507,0.05492846924177396,0.2072,0.2650978135788262,1403.2556322437817
NY-CMP-1063,SEO,Youth,WhatsApp,Hindi,"College Students",2025-02-24,2025-02-24,8,80457,9646,2336,1659,643692,125.03,2.1,16.95,0.1199,0.012961849471283433,0.1720,0.07536467751657625,5148.300407902104
NY-CMP-1064,SEO,"College Students","YouTube, WhatsApp",Hindi,Youth,2025-05-28,2025-05-28,13,34565,819,304,211,137150,1099.71,-0.41,3.86,0.0237,1.3427472527472528,0.2576,5.211895734597157,124.71469751116203
NY-CMP-1065,Email,"Working Women","YouTube, Facebook, Google",Tamil,"Tier 2 City Customers",2025-04-29,2025-04-29,25,41740,1039,561,322,154882,328.9,0.46,4.6,0.0249,0.31655437921077956,0.3099,1.0214285714285714,470.90909090909093
NY-CMP-1066,"Social Media","College Students","Instagram, Google",Tamil,"Tier 2 City Customers",2024-08-17,2024-08-17,29,28052,1240,513,377,166634,221.3,1,7.59,0.0442,0.17846774193548387,0.3040,0.5870026525198939,752.9778581111613
NY-CMP-1067,"Social Media",Youth,"WhatsApp, Facebook, YouTube",Tamil,"Premium Shoppers",2025-02-06,2025-02-06,6,36769,2948,797,370,237170,576.24,0.11,11.19,0.0802,0.19546811397557667,0.1255,1.5574054054054054,411.5819797306678
NY-CMP-1068,Email,"College Students",WhatsApp,English,"Working Women",2025-03-25,2025-03-25,26,59910,3712,1431,951,427950,303.73,0.48,10.17,0.0620,0.08182381465517242,0.2562,0.3193796004206099,1408.9816613439568
NY-CMP-1069,"Social Media","Working Women","Google, WhatsApp",English,"Premium Shoppers",2024-07-12,2024-07-12,20,51907,1717,484,275,137225,316.3,0.58,4.77,0.0331,0.18421665695981362,0.1602,1.1501818181818182,433.84445147012326
NY-CMP-1070,Email,"Working Women","Email, Instagram",English,"Tier 2 City Customers",2025-03-26,2025-03-26,21,54847,7764,3946,1326,502554,50.86,6.45,23.77,0.1416,0.00655074703760948,0.1708,0.03835595776772247,9881.124655918207
NY-CMP-1071,"Social Media","Working Women",Google,Hindi,"Tier 2 City Customers",2024-12-23,2024-12-23,11,68542,8178,3828,1207,280024,179.89,0.29,19.28,0.1193,0.021996820738566885,0.1476,0.14903893951946975,1556.640168992162
NY-CMP-1072,Influencer,"College Students","Google, YouTube",Tamil,"College Students",2024-12-27,2024-12-27,17,73165,5735,2225,1582,1170680,143.08,4.17,13.04,0.0784,0.0249485614646905,0.2759,0.09044247787610621,8181.996086105674
NY-CMP-1073,Email,"Working Women","Instagram, YouTube",Hindi,"College Students",2024-09-15,2024-09-15,17,26416,1545,401,226,68478,395.28,-0.23,8.22,0.0585,0.25584466019417473,0.1463,1.7490265486725662,173.23922282938676
NY-CMP-1074,Email,"Tier 2 City Customers","WhatsApp, Email, Google",Bengali,"Working Women",2024-08-29,2024-08-29,11,97611,7838,2476,1741,541451,164.53,0.89,12.35,0.0803,0.020991324317427916,0.2221,0.09450315910396324,3290.895277456999
NY-CMP-1075,Email,"Premium Shoppers",YouTube,Bengali,"Working Women",2024-11-14,2024-11-14,29,48871,6658,3972,2058,1636110,133.98,4.93,25.96,0.1362,0.02012316010814058,0.3091,0.06510204081632652,12211.598746081505
NY-CMP-1076,Influencer,"Tier 2 City Customers","Google, Facebook, Instagram",English,Youth,2024-07-07,2024-07-07,24,74794,6057,1939,1470,799680,100.41,4.42,12.66,0.0810,0.016577513620604258,0.2427,0.06830612244897959,7964.146997311025
NY-CMP-1077,"Social Media","Premium Shoppers","Instagram, YouTube, WhatsApp",English,"Working Women",2025-02-23,2025-02-23,13,37745,1091,361,114,45030,1000.73,-0.61,4.15,0.0289,0.9172593950504124,0.1045,8.778333333333334,44.99715207898234
NY-CMP-1078,Email,"Working Women","Instagram, Facebook, Google",Bengali,"Premium Shoppers",2024-07-20,2024-07-20,26,41410,905,449,156,75504,1252.69,-0.61,3.65,0.0219,1.3841878453038674,0.1724,8.030064102564102,60.27349144640733
NY-CMP-1079,"Paid Ads","Premium Shoppers","Instagram, Email, YouTube",Bengali,"Premium Shoppers",2024-08-28,2024-08-28,17,30448,4531,1041,767,546871,315.83,1.26,20.82,0.1488,0.06970425954535422,0.1693,0.4117731421121251,1731.5359528860463
NY-CMP-1080,Email,"Working Women","Email, Google",Bengali,Youth,2025-03-09,2025-03-09,6,79031,7614,1912,1166,719422,87.2,6.08,13.53,0.0963,0.011452587339112162,0.1531,0.07478559176672385,8250.252293577982
NY-CMP-1081,"Social Media",Youth,"Email, Instagram, WhatsApp",Hindi,"Working Women",2025-01-15,2025-01-15,12,69794,3864,1627,923,318435,271.48,0.27,9.19,0.0554,0.07025879917184265,0.2389,0.2941278439869989,1172.9593340209224
NY-CMP-1082,"Social Media","Tier 2 City Customers",Google,Hindi,"Working Women",2025-05-09,2025-05-09,11,10613,1093,468,344,73272,693.71,-0.69,17.95,0.1030,0.6346843549862763,0.3147,2.0165988372093024,105.62338729440255
NY-CMP-1083,SEO,Youth,"WhatsApp, Facebook, Google",Hindi,"Premium Shoppers",2025-06-11,2025-06-11,9,14824,1848,713,229,111294,542.97,-0.1,18.82,0.1247,0.29381493506493506,0.1239,2.371048034934498,204.9726504226753
NY-CMP-1084,Influencer,"Tier 2 City Customers",WhatsApp,Tamil,"College Students",2024-11-06,2024-11-06,22,38900,4362,1416,1056,291456,212.22,0.3,17.57,0.1121,0.048651994497936724,0.2421,0.20096590909090908,1373.3672603901612
NY-CMP-1085,"Paid Ads",Youth,"Email, WhatsApp, Facebook",Hindi,"Premium Shoppers",2025-06-07,2025-06-07,10,27040,1352,274,153,42075,460.92,-0.4,6.58,0.0500,0.3409171597633136,0.1132,3.0125490196078433,91.28482166102577
NY-CMP-1086,Influencer,"College Students","Facebook, Instagram",Bengali,Youth,2024-09-29,2024-09-29,16,45406,2768,1052,747,511695,321.69,1.13,10.06,0.0610,0.11621748554913294,0.2699,0.4306425702811245,1590.6462743635177
NY-CMP-1087,"Social Media","College Students","Instagram, Google",English,"College Students",2025-06-20,2025-06-20,5,48041,2478,1229,553,311892,511.7,0.1,8.87,0.0516,0.20649717514124294,0.2232,0.9253164556962025,609.5212038303694
NY-CMP-1088,"Social Media","Working Women","Instagram, Facebook, Email",Bengali,"Working Women",2024-10-29,2024-10-29,30,84207,6175,1941,1352,461032,214.63,0.59,11.24,0.0733,0.034757894736842106,0.2189,0.15875,2148.031496062992
NY-CMP-1089,"Social Media",Youth,"Google, WhatsApp",Hindi,"Tier 2 City Customers",2024-08-27,2024-08-27,16,77548,1844,706,226,72772,1072.32,-0.7,3.58,0.0238,0.5815184381778742,0.1226,4.744778761061947,67.8640704267383
NY-CMP-1090,Email,"Premium Shoppers","Instagram, Email",Tamil,"Tier 2 City Customers",2024-11-05,2024-11-05,13,76619,7278,3935,1746,790938,152.82,1.96,16.91,0.0950,0.02099752679307502,0.2399,0.08752577319587629,5175.618374558304
NY-CMP-1091,SEO,"Tier 2 City Customers",YouTube,English,"Premium Shoppers",2025-04-10,2025-04-10,21,37600,2906,1624,1006,690116,253.33,1.71,14.72,0.0773,0.08717481073640744,0.3462,0.25181908548707754,2724.1779497098646
NY-CMP-1092,"Social Media","College Students","WhatsApp, Instagram, Google",Hindi,"Tier 2 City Customers",2025-04-12,2025-04-12,7,32302,1239,367,156,124800,1295.52,-0.38,5.45,0.0384,1.0456174334140436,0.1259,8.304615384615385,96.33197480548351
NY-CMP-1093,Email,"Premium Shoppers","Email, YouTube, WhatsApp",Hindi,"Working Women",2025-01-25,2025-01-25,9,11042,459,189,96,60960,2660.53,-0.76,6.74,0.0416,5.7963616557734206,0.2092,27.713854166666668,22.912727915114655
NY-CMP-1094,Influencer,"College Students",Google,Hindi,"Working Women",2024-08-05,2024-08-05,18,12916,1058,269,84,23352,725.46,-0.62,10.92,0.0819,0.6856899810964083,0.0794,8.636428571428572,32.18923165991233
NY-CMP-1095,"Paid Ads","Working Women","Google, Facebook, Instagram",English,Youth,2024-08-11,2024-08-11,29,73403,7231,1683,766,311762,337.92,0.2,13.19,0.0985,0.04673212557046052,0.1059,0.4411488250652742,922.5911458333333
NY-CMP-1096,"Paid Ads","Premium Shoppers",Instagram,Tamil,Youth,2024-09-10,2024-09-10,18,71114,1814,870,350,232750,827.25,-0.2,4.27,0.0255,0.4560363836824697,0.1929,2.3635714285714284,281.3538833484436
NY-CMP-1097,Email,"Working Women","Email, WhatsApp",Hindi,"Working Women",2024-11-23,2024-11-23,21,96478,3700,1111,711,366876,282.59,0.83,5.72,0.0384,0.07637567567567567,0.1922,0.3974542897327707,1298.2625004423371
NY-CMP-1098,SEO,"Working Women",Email,English,"Working Women",2024-11-19,2024-11-19,21,96239,3852,2172,1568,460992,110.5,1.66,7.89,0.0400,0.028686396677050884,0.4071,0.07047193877551021,4171.873303167421
NY-CMP-1099,"Paid Ads","Working Women","Instagram, WhatsApp, Google",English,"Premium Shoppers",2025-03-24,2025-03-24,22,15712,2049,698,518,161616,185.06,0.69,20.78,0.1304,0.09031722791605662,0.2528,0.35725868725868726,873.3167621312007
NY-CMP-1100,SEO,"Tier 2 City Customers","Email, Google, Facebook",Bengali,"Tier 2 City Customers",2025-01-08,2025-01-08,5,65961,3729,1011,805,642390,117.32,5.8,8.41,0.0565,0.03146151783319925,0.2159,0.1457391304347826,5475.536992840096
NY-CMP-1101,Influencer,"Working Women","Google, Facebook",Hindi,Youth,2025-01-07,2025-01-07,24,91963,9000,4091,1250,507500,150.39,1.7,15.59,0.0979,0.01671,0.1389,0.12031199999999999,3374.5594786887427
NY-CMP-1102,"Social Media","Tier 2 City Customers","Email, Instagram, Facebook",Tamil,"Premium Shoppers",2024-10-20,2024-10-20,10,41454,6034,2744,1271,441037,64.77,4.36,24.24,0.1456,0.01073417301955585,0.2106,0.05095987411487018,6809.278987185426
NY-CMP-1103,"Paid Ads","Premium Shoppers","Google, YouTube, WhatsApp",Bengali,"Working Women",2025-03-21,2025-03-21,27,62808,3704,743,431,286615,207.69,2.2,7.77,0.0590,0.05607181425485961,0.1164,0.4818793503480278,1380.0134816312775
NY-CMP-1104,"Social Media","College Students",WhatsApp,Hindi,"College Students",2025-05-31,2025-05-31,16,44568,5722,2794,2033,742045,119.14,2.06,23.67,0.1284,0.02082139112198532,0.3553,0.05860304968027546,6228.344804431761
NY-CMP-1105,SEO,"Premium Shoppers","Email, WhatsApp",Bengali,"Working Women",2024-08-23,2024-08-23,23,78393,10859,4614,2346,1381794,48.99,11.02,22.73,0.1385,0.004511465144120085,0.2160,0.02088235294117647,28205.6338028169
NY-CMP-1106,SEO,Youth,Google,Hindi,"Tier 2 City Customers",2024-11-05,2024-11-05,16,36778,2873,976,338,240656,547.44,0.3,11.38,0.0781,0.1905464671075531,0.1176,1.6196449704142013,439.6025135174631
NY-CMP-1107,Influencer,Youth,Email,Tamil,"Tier 2 City Customers",2025-01-27,2025-01-27,19,29254,3754,1868,942,399408,296.39,0.43,22.44,0.1283,0.07895311667554608,0.2509,0.31463906581740975,1347.5758291440332
NY-CMP-1108,SEO,Youth,"Facebook, Instagram, YouTube",Hindi,Youth,2024-11-20,2024-11-20,13,16762,1911,519,285,180405,1018.44,-0.38,16.2,0.1140,0.5329356357927787,0.1491,3.5734736842105264,177.1385648639095
NY-CMP-1109,Influencer,"College Students",Facebook,Bengali,"Premium Shoppers",2024-12-23,2024-12-23,8,30349,1590,535,416,143104,130.39,1.64,8.37,0.0524,0.08200628930817609,0.2616,0.3134375,1097.507477567298
NY-CMP-1110,"Paid Ads","Working Women","WhatsApp, Instagram, Google",Bengali,"College Students",2025-04-29,2025-04-29,6,93228,5488,2887,1070,739370,249.36,1.77,10.13,0.0589,0.04543731778425656,0.1950,0.23304672897196263,2965.0705806865576
NY-CMP-1111,Influencer,"College Students",Google,Bengali,"Premium Shoppers",2025-05-27,2025-05-27,16,32725,917,353,262,133096,277.31,0.83,4.68,0.0280,0.30241003271537625,0.2857,1.0584351145038169,479.95384227038335
NY-CMP-1112,"Social Media","Tier 2 City Customers","Facebook, Google",Bengali,"Working Women",2025-06-19,2025-06-19,6,37912,2193,1175,779,555427,69.68,9.23,10.94,0.0578,0.03177382580939353,0.3552,0.08944801026957638,7971.110792192881
NY-CMP-1113,Influencer,Youth,"WhatsApp, Facebook, Instagram",English,"Working Women",2024-09-13,2024-09-13,28,84684,6830,3006,2183,1403669,37.23,16.27,14.19,0.0807,0.005450951683748169,0.3196,0.0170545121392579,37702.632285791035
NY-CMP-1114,"Social Media","Tier 2 City Customers","Facebook, Instagram, YouTube",Hindi,"College Students",2024-09-26,2024-09-26,27,51006,7110,2461,769,432178,298.91,0.88,20.27,0.1394,0.04204078762306611,0.1082,0.3886996098829649,1445.846575892409
NY-CMP-1115,Influencer,"Working Women","WhatsApp, Facebook",Bengali,"Working Women",2025-05-10,2025-05-10,10,71767,10510,5442,3276,1539720,60.15,6.81,26.79,0.1464,0.005723120837297812,0.3117,0.01836080586080586,25598.004987531174
NY-CMP-1116,"Paid Ads","College Students","WhatsApp, Facebook, YouTube",English,"Working Women",2024-08-23,2024-08-23,17,92095,9825,4595,2248,1717472,34.81,20.95,18.1,0.1067,0.0035430025445292623,0.2288,0.015484875444839858,49338.46595805803
NY-CMP-1117,"Paid Ads",Youth,Facebook,Hindi,"College Students",2024-12-15,2024-12-15,20,74063,6065,1600,687,324951,297.63,0.59,11.28,0.0819,0.04907337180544105,0.1133,0.4332314410480349,1091.7951819373047
NY-CMP-1118,"Social Media","Working Women","Instagram, YouTube, Google",English,"Premium Shoppers",2024-10-18,2024-10-18,13,36974,3888,2249,752,407584,182.75,1.97,18.63,0.1052,0.04700360082304527,0.1934,0.24301861702127658,2230.281805745554
NY-CMP-1119,Email,"Premium Shoppers",YouTube,Tamil,Youth,2025-06-13,2025-06-13,15,46818,3423,2031,1219,884994,154.12,3.71,14.25,0.0731,0.04502483201869705,0.3561,0.12643150123051683,5742.239813132624
NY-CMP-1120,Influencer,"Premium Shoppers",YouTube,English,"Tier 2 City Customers",2024-11-17,2024-11-17,26,80082,10026,2337,1352,913952,80.25,7.42,17.13,0.1252,0.008004189108318372,0.1348,0.05935650887573964,11388.809968847352
NY-CMP-1121,Email,"Working Women","Instagram, Facebook",Bengali,"Premium Shoppers",2025-01-09,2025-01-09,11,18334,2001,1096,868,402752,165.01,1.81,21.63,0.1091,0.08246376811594203,0.4338,0.19010368663594468,2440.7732864674867
NY-CMP-1122,Influencer,"Working Women",Facebook,Hindi,"Premium Shoppers",2025-01-24,2025-01-24,21,74764,8071,3586,1901,885866,155.84,1.99,18.13,0.1080,0.019308635856771155,0.2355,0.08197790636507102,5684.45841889117
NY-CMP-1123,"Social Media","Tier 2 City Customers","Instagram, Email",Hindi,"Premium Shoppers",2025-04-02,2025-04-02,29,74129,2626,1462,1163,623368,141.12,2.8,7.08,0.0354,0.05373952779893374,0.4429,0.12134135855546002,4417.2902494331065
NY-CMP-1124,Influencer,"Tier 2 City Customers",Facebook,Hindi,"Working Women",2025-05-19,2025-05-19,29,27923,2989,1452,817,625822,359.28,1.13,18.83,0.1070,0.12020073603211776,0.2733,0.4397552019583843,1741.878200846137
NY-CMP-1125,"Paid Ads","College Students","Instagram, Facebook, Email",English,"Premium Shoppers",2024-12-15,2024-12-15,28,19354,637,246,74,33522,1025.97,-0.56,4.94,0.0329,1.6106279434850863,0.1162,13.864459459459459,32.67346998450247
NY-CMP-1126,"Social Media","Tier 2 City Customers","Instagram, Google",Bengali,"Tier 2 City Customers",2024-11-26,2024-11-26,8,25188,1025,472,187,118558,480.96,0.32,6.69,0.0407,0.4692292682926829,0.1824,2.5719786096256683,246.5028276779774
NY-CMP-1127,Influencer,"Premium Shoppers",WhatsApp,Tamil,"College Students",2025-01-20,2025-01-20,18,29617,2372,865,538,368530,168.8,3.06,12.75,0.0801,0.07116357504215852,0.2268,0.3137546468401487,2183.2345971563977
NY-CMP-1128,SEO,"Premium Shoppers","Email, Instagram",Hindi,"Working Women",2024-12-04,2024-12-04,27,25041,3511,991,379,223231,598.76,-0.02,19.49,0.1402,0.17053830817430932,0.1079,1.5798416886543536,372.8221658093393
NY-CMP-1129,"Social Media","Working Women","Email, Google",Hindi,Youth,2025-05-21,2025-05-21,11,78990,2360,1125,732,453840,347.66,0.78,5.34,0.0299,0.1473135593220339,0.3102,0.47494535519125686,1305.413334867399
NY-CMP-1130,Email,Youth,Facebook,Hindi,Youth,2025-05-01,2025-05-01,30,88461,2327,999,358,100956,410.1,-0.31,4.16,0.0263,0.1762354963472282,0.1538,1.1455307262569834,246.17410387710314
NY-CMP-1131,SEO,"Tier 2 City Customers",Email,Tamil,"Premium Shoppers",2025-06-04,2025-06-04,16,16853,656,378,287,80073,1039.27,-0.73,7.84,0.0389,1.5842530487804878,0.4375,3.6211498257839723,77.04735054413194
NY-CMP-1132,SEO,"Working Women","WhatsApp, Google",Tamil,Youth,2025-04-29,2025-04-29,20,83484,6219,2837,1554,536130,69.08,3.99,12.71,0.0745,0.011107895159993568,0.2499,0.04445302445302445,7761.001737116387
NY-CMP-1133,"Paid Ads","Premium Shoppers",Facebook,Tamil,"Working Women",2024-11-24,2024-11-24,18,79948,1641,630,499,279440,465.08,0.2,3.46,0.0205,0.2834125533211456,0.3041,0.9320240480961923,600.842865743528
NY-CMP-1134,SEO,"College Students","Email, Facebook",Tamil,"Premium Shoppers",2025-06-10,2025-06-10,10,83836,9077,3824,1553,851044,106.54,4.14,17.24,0.1083,0.011737358157981713,0.1711,0.06860270444301353,7988.0232776422
NY-CMP-1135,"Paid Ads",Youth,"WhatsApp, Google",Bengali,"Tier 2 City Customers",2024-12-17,2024-12-17,6,82314,11125,4379,1588,1056020,82.69,7.04,20.76,0.1352,0.0074328089887640445,0.1427,0.05207178841309824,12770.830813883178
NY-CMP-1136,Email,Youth,"Instagram, YouTube, Google",Bengali,Youth,2024-12-17,2024-12-17,13,15809,2154,449,305,195200,491.68,0.3,18.39,0.1363,0.228263695450325,0.1416,1.6120655737704919,397.00618288317605
NY-CMP-1137,Influencer,"Working Women","Instagram, Facebook",Tamil,"Premium Shoppers",2025-01-22,2025-01-22,21,23866,1157,471,295,98530,542.93,-0.38,8.06,0.0485,0.4692566983578219,0.2550,1.8404406779661016,181.47827528410662
NY-CMP-1138,SEO,"Premium Shoppers","WhatsApp, Google",English,"Tier 2 City Customers",2024-08-01,2024-08-01,19,73044,3187,1759,569,385782,184.41,2.68,7.55,0.0436,0.05786319422654534,0.1785,0.32409490333919155,2091.9798275581584
NY-CMP-1139,"Social Media","Tier 2 City Customers",Facebook,Hindi,"Premium Shoppers",2025-02-24,2025-02-24,23,26385,2511,940,434,199640,653.94,-0.3,14.72,0.0952,0.2604301075268817,0.1728,1.5067741935483872,305.287946906444
NY-CMP-1140,Email,"Premium Shoppers","Email, YouTube, Facebook",Tamil,"Tier 2 City Customers",2025-05-30,2025-05-30,5,68710,8506,4996,3472,2249856,38.16,15.98,24.7,0.1238,0.004486245003526922,0.4082,0.010990783410138249,58958.49056603774
NY-CMP-1141,Email,"Premium Shoppers","Google, WhatsApp",Tamil,"College Students",2025-05-30,2025-05-30,17,66210,5609,2776,1529,518331,101.69,2.33,14.97,0.0847,0.018129791406667855,0.2726,0.06650752125572269,5097.167863113384
NY-CMP-1142,SEO,"College Students","WhatsApp, Google, Email",English,"College Students",2025-04-07,2025-04-07,10,29278,3293,1504,1073,716764,254.52,1.62,20.05,0.1125,0.07729122380807775,0.3258,0.23720410065237651,2816.140185447116
NY-CMP-1143,Email,"Premium Shoppers","WhatsApp, Instagram, YouTube",Bengali,Youth,2025-04-12,2025-04-12,30,35430,4351,1006,682,403062,165.63,2.57,17.04,0.1228,0.038067111008963456,0.1567,0.2428592375366569,2433.5084223872486
NY-CMP-1144,SEO,"College Students",Facebook,Hindi,"College Students",2024-09-03,2024-09-03,14,13214,530,213,156,118872,1568.28,-0.51,6.8,0.0401,2.959018867924528,0.2943,10.053076923076922,75.79768918815518
NY-CMP-1145,Influencer,Youth,Instagram,Hindi,Youth,2025-01-12,2025-01-12,20,54685,5423,2255,1052,724828,279.17,1.47,15.96,0.0992,0.051478886225336536,0.1940,0.2653707224334601,2596.3678045635274
NY-CMP-1146,"Paid Ads","Premium Shoppers",Facebook,Hindi,"College Students",2024-11-19,2024-11-19,15,40445,2689,1201,814,351648,75.35,4.73,11.63,0.0665,0.028021569356638153,0.3027,0.09256756756756757,4666.861313868613
NY-CMP-1147,Influencer,"Premium Shoppers","Email, Google",Bengali,"Premium Shoppers",2024-12-06,2024-12-06,18,45821,2552,965,733,433936,245.74,1.41,9.28,0.0557,0.09629310344827587,0.2872,0.3352523874488404,1765.833808089851
NY-CMP-1148,Influencer,Youth,Instagram,English,"Premium Shoppers",2025-05-01,2025-05-01,9,51791,2432,1287,638,304326,421.13,0.13,8.41,0.0470,0.17316200657894737,0.2623,0.6600783699059561,722.6414646308741
NY-CMP-1149,Influencer,"Tier 2 City Customers","Facebook, Email, YouTube",Hindi,"College Students",2025-02-17,2025-02-17,20,82365,9920,2972,2086,1410136,43.11,14.68,18.18,0.1204,0.004345766129032258,0.2103,0.02066634707574305,32710.183252145674
NY-CMP-1150,SEO,"Premium Shoppers","Email, YouTube, Facebook",Tamil,"Working Women",2024-07-27,2024-07-27,7,68867,5342,2966,1331,806586,174.47,2.47,14,0.0776,0.032660052414825905,0.2492,0.13108189331329828,4623.064137100934
NY-CMP-1151,Influencer,"College Students",Email,English,"Premium Shoppers",2025-03-30,2025-03-30,13,28582,2086,630,411,286467,590.9,0.18,10.94,0.0730,0.28326941514860976,0.1970,1.437712895377129,484.79776611947875
NY-CMP-1152,"Social Media","Tier 2 City Customers","Facebook, Instagram, WhatsApp",English,"Tier 2 City Customers",2024-12-11,2024-12-11,5,51059,4666,1088,708,489228,175.27,2.94,12.66,0.0914,0.03756322331761681,0.1517,0.24755649717514125,2791.2820220231642
NY-CMP-1153,Email,"College Students",Google,English,Youth,2024-12-19,2024-12-19,24,45295,1953,473,282,126618,1037.53,-0.57,5.98,0.0431,0.5312493599590373,0.1444,3.6791843971631204,122.03791697589467
NY-CMP-1154,Email,"Premium Shoppers",Email,Bengali,"College Students",2025-01-14,2025-01-14,18,17721,1182,499,348,244644,562.61,0.25,11.45,0.0667,0.47598138747884944,0.2944,1.6166954022988507,434.83763175201295
NY-CMP-1155,"Social Media","Working Women",Email,Tamil,"Premium Shoppers",2024-10-17,2024-10-17,19,69264,4578,2686,1713,426537,68.25,2.65,12.96,0.0661,0.014908256880733946,0.3742,0.03984238178633975,6249.626373626374
NY-CMP-1156,Influencer,Youth,WhatsApp,Tamil,Youth,2025-03-11,2025-03-11,20,59293,3248,1030,375,159375,543.29,-0.22,7.85,0.0548,0.16726908866995072,0.1155,1.4487733333333332,293.35161700012884
NY-CMP-1157,"Social Media","Working Women","Email, Instagram",Hindi,"Premium Shoppers",2025-03-18,2025-03-18,21,95024,4526,2403,1110,698190,208.42,2.02,8.46,0.0476,0.046049491825011044,0.2452,0.18776576576576576,3349.9184339314847
NY-CMP-1158,"Social Media","Premium Shoppers",Instagram,Bengali,"College Students",2025-04-11,2025-04-11,9,90608,4315,1453,798,454860,278.28,1.05,7.25,0.0476,0.06449130938586325,0.1849,0.34872180451127816,1634.5407503234155
NY-CMP-1159,Influencer,Youth,"YouTube, Email, WhatsApp",Hindi,"College Students",2025-02-28,2025-02-28,23,82580,4262,1550,640,503040,111.02,6.08,7.81,0.0516,0.02604880337869545,0.1502,0.17346875,4531.075481895155
NY-CMP-1160,"Paid Ads","Tier 2 City Customers","YouTube, Instagram, Email",Bengali,"Working Women",2024-07-30,2024-07-30,30,63757,7705,2853,2135,1505175,121.85,4.79,19.91,0.1208,0.01581440622972096,0.2771,0.05707259953161592,12352.687730816579
NY-CMP-1161,"Social Media","Working Women","Email, Facebook, Instagram",Tamil,"College Students",2025-04-15,2025-04-15,30,11624,517,212,107,24182,602.61,-0.62,7.19,0.0445,1.1655899419729208,0.2070,5.631869158878505,40.128773170043644
NY-CMP-1162,Influencer,"College Students","Instagram, YouTube",Hindi,"Working Women",2024-12-08,2024-12-08,14,80088,8372,4336,1362,659208,164.45,1.94,17.57,0.1045,0.019642857142857142,0.1627,0.12074155653450806,4008.561872909699
NY-CMP-1163,Email,"Tier 2 City Customers",Google,Tamil,"Working Women",2025-06-06,2025-06-06,22,19512,1861,467,154,69454,749.47,-0.4,12.72,0.0954,0.4027243417517464,0.0828,4.8666883116883115,92.67082071330407
NY-CMP-1164,SEO,Youth,Email,Hindi,"Working Women",2025-03-31,2025-03-31,17,88983,3681,1549,1150,326600,259.94,0.09,7.17,0.0414,0.07061668024993208,0.3124,0.22603478260869564,1256.443794721859
NY-CMP-1165,"Social Media","College Students","Facebook, Google, WhatsApp",Tamil,"Working Women",2024-07-17,2024-07-17,7,17111,1661,476,293,221801,926.14,-0.18,14.2,0.0971,0.5575797712221553,0.1764,3.1608873720136517,239.48970997905283
NY-CMP-1166,SEO,"College Students","Email, YouTube, Facebook",English,"College Students",2025-04-21,2025-04-21,24,34872,2630,1328,742,389550,288.64,0.82,13.48,0.0754,0.10974904942965778,0.2821,0.38900269541778976,1349.605044345898
NY-CMP-1167,"Paid Ads","Tier 2 City Customers",Email,Bengali,"Premium Shoppers",2025-03-19,2025-03-19,10,25223,1517,427,205,151495,1092.03,-0.32,8.52,0.0601,0.7198615688859591,0.1351,5.326975609756097,138.72787377636146
NY-CMP-1168,"Social Media","College Students","Instagram, Google",English,"Tier 2 City Customers",2024-08-23,2024-08-23,24,48451,4172,1639,744,575856,194.41,2.98,13.53,0.0861,0.04659875359539789,0.1783,0.2613037634408602,2962.0698523738492
NY-CMP-1169,Influencer,"College Students",WhatsApp,Tamil,Youth,2025-03-30,2025-03-30,8,65218,3095,1207,605,203280,157.55,1.13,7.52,0.0475,0.05090468497576737,0.1955,0.26041322314049586,1290.2570612503966
NY-CMP-1170,SEO,Youth,"Instagram, YouTube, WhatsApp",English,"Premium Shoppers",2025-04-13,2025-04-13,14,67143,6270,1563,996,367524,172.55,1.14,13.15,0.0934,0.027519936204146733,0.1589,0.17324297188755022,2129.956534337873
NY-CMP-1171,"Paid Ads","College Students","Email, YouTube, Google",Bengali,"Tier 2 City Customers",2025-06-14,2025-06-14,15,52106,6537,3340,2149,530803,87.02,1.84,23.08,0.1255,0.013311916781398194,0.3287,0.040493252675663095,6099.781659388646
NY-CMP-1172,SEO,"Premium Shoppers","Google, WhatsApp, YouTube",English,"Working Women",2024-09-05,2024-09-05,16,47178,5999,1619,787,208555,108.26,1.45,17.82,0.1272,0.01804634105684281,0.1312,0.13756035578144854,1926.4271198965453
NY-CMP-1173,"Social Media","College Students","WhatsApp, Instagram",English,"Premium Shoppers",2024-10-30,2024-10-30,20,36818,4147,1962,821,605077,285.43,1.58,18.82,0.1126,0.0688280684832409,0.1980,0.3476613885505481,2119.8787793854885
NY-CMP-1174,Influencer,"Tier 2 City Customers","Email, Instagram, Facebook",Hindi,"Premium Shoppers",2024-08-10,2024-08-10,29,43779,6115,2546,830,486380,147.54,2.97,21.68,0.1397,0.024127555192150447,0.1357,0.1777590361445783,3296.5975328724417
NY-CMP-1175,Email,"Premium Shoppers","Google, Email",Bengali,"Working Women",2025-01-06,2025-01-06,24,86278,8468,2627,894,313794,209.55,0.68,13.9,0.0981,0.024746102975909307,0.1056,0.23439597315436242,1497.4659985683606
NY-CMP-1176,"Social Media","Premium Shoppers","YouTube, WhatsApp",Tamil,Youth,2025-05-27,2025-05-27,21,76182,5221,1153,369,255717,457.74,0.51,8.85,0.0685,0.08767285960543958,0.0707,1.2404878048780488,558.6511993708218
NY-CMP-1177,SEO,"Working Women","WhatsApp, Instagram, Email",English,"Tier 2 City Customers",2025-05-31,2025-05-31,6,19321,2135,842,668,315296,288.51,0.64,18.87,0.1105,0.1351334894613583,0.3129,0.4319011976047904,1092.8425357873211
NY-CMP-1178,"Social Media","Tier 2 City Customers",Instagram,Tamil,Youth,2025-02-03,2025-02-03,11,84073,8987,2501,1391,299065,200.36,0.07,15.32,0.1069,0.02229442528096139,0.1548,0.14404025880661395,1492.6382511479337
NY-CMP-1179,"Paid Ads","College Students",WhatsApp,Bengali,"Working Women",2024-11-14,2024-11-14,12,65938,3288,787,503,308842,584.84,0.05,6.94,0.0499,0.17787104622871047,0.1530,1.162703777335984,528.0794747281308
NY-CMP-1180,Email,"Working Women","Email, Instagram",Hindi,"Premium Shoppers",2025-03-05,2025-03-05,15,74125,2515,789,398,280988,169.17,3.17,4.99,0.0339,0.06726441351888668,0.1583,0.4250502512562814,1660.980079210262
NY-CMP-1181,SEO,"College Students","YouTube, Facebook, WhatsApp",Hindi,"Working Women",2024-08-11,2024-08-11,14,25506,1598,642,445,208260,621.85,-0.25,10.53,0.0627,0.3891426783479349,0.2785,1.3974157303370787,334.90391573530593
NY-CMP-1182,Email,"Tier 2 City Customers","Email, Facebook, WhatsApp",Tamil,"College Students",2025-04-07,2025-04-07,9,10381,1025,243,165,96690,1097.96,-0.47,13.8,0.0987,1.071180487804878,0.1610,6.654303030303031,88.0633174250428
NY-CMP-1183,Email,"Premium Shoppers",WhatsApp,Hindi,"Working Women",2024-12-31,2024-12-31,6,90785,7279,3900,2596,1056572,43.42,8.37,15.17,0.0802,0.005965105096853963,0.3566,0.01672573189522342,24333.763242745277
NY-CMP-1184,Email,Youth,"Facebook, YouTube, Email",Tamil,Youth,2025-02-27,2025-02-27,25,60728,6390,3134,1810,1134870,110.2,4.69,18.66,0.1052,0.017245696400625978,0.2833,0.060883977900552486,10298.275862068966
NY-CMP-1185,"Social Media","Working Women",Instagram,Tamil,"Premium Shoppers",2025-06-12,2025-06-12,7,16698,556,128,57,42123,3507.65,-0.79,4.44,0.0333,6.308723021582734,0.1025,61.53771929824561,12.00889484412641
NY-CMP-1186,Email,"Premium Shoppers","Email, YouTube",Bengali,"Premium Shoppers",2024-09-20,2024-09-20,20,97242,14022,3371,2067,824733,26.59,14,20.01,0.1442,0.0018963058051633147,0.1474,0.012864054184808902,31016.66039864611
NY-CMP-1187,SEO,"Premium Shoppers","Email, Google",English,"Tier 2 City Customers",2025-02-03,2025-02-03,24,90982,3250,1622,1245,750735,142.18,3.24,6.72,0.0357,0.04374769230769231,0.3831,0.1142008032128514,5280.173020115347
NY-CMP-1188,"Paid Ads","Working Women","Google, YouTube, Facebook",Tamil,"Tier 2 City Customers",2024-11-29,2024-11-29,26,32842,4033,1838,1444,1121988,191.29,3.06,22.27,0.1228,0.04743119266055046,0.3580,0.13247229916897507,5865.377176015474
NY-CMP-1189,"Social Media",Youth,"Google, Email, YouTube",Tamil,"Premium Shoppers",2025-05-05,2025-05-05,28,32021,3377,1323,474,179172,395.56,-0.04,16.16,0.1055,0.11713355048859934,0.1404,0.8345147679324895,452.95783193447267
NY-CMP-1190,SEO,Youth,YouTube,English,"College Students",2024-11-16,2024-11-16,15,36796,1581,774,302,89392,638.87,-0.54,7.22,0.0430,0.4040923466160658,0.1910,2.11546357615894,139.92204986930048
NY-CMP-1191,Email,"College Students","Google, WhatsApp",Bengali,"Tier 2 City Customers",2025-06-07,2025-06-07,9,12688,1029,579,357,234906,684.03,-0.04,15.49,0.0811,0.6647521865889212,0.3469,1.9160504201680673,343.4147625104162
NY-CMP-1192,"Social Media","Working Women",Email,Tamil,Youth,2025-05-17,2025-05-17,21,84359,11028,3084,1901,1186224,40.64,14.35,18.98,0.1307,0.003685165034457744,0.1724,0.021378221988427145,29188.582677165356
NY-CMP-1193,"Social Media","Working Women","WhatsApp, YouTube, Facebook",Bengali,"College Students",2025-04-18,2025-04-18,9,52151,4951,1155,718,464546,255.1,1.54,13.09,0.0949,0.05152494445566552,0.1450,0.3552924791086351,1821.0348882791063
NY-CMP-1194,Influencer,"Premium Shoppers","Email, Instagram",English,"Premium Shoppers",2025-05-27,2025-05-27,7,99006,13901,5326,2649,1491387,22.58,23.93,22.1,0.1404,0.0016243435724048628,0.1906,0.008523971309928274,66049.02568644819
NY-CMP-1195,Influencer,"College Students",Google,Tamil,"Tier 2 City Customers",2025-02-22,2025-02-22,9,16548,1532,717,505,111100,231.54,-0.05,16.64,0.0926,0.15113577023498695,0.3296,0.45849504950495046,479.83069879934357
NY-CMP-1196,SEO,"College Students",Facebook,English,"Tier 2 City Customers",2025-05-30,2025-05-30,16,82471,5797,3251,1940,1369640,101.63,5.95,13.32,0.0703,0.017531481800931517,0.3347,0.052386597938144326,13476.729312210962
NY-CMP-1197,"Social Media","Premium Shoppers","Email, Google, WhatsApp",English,Youth,2024-08-29,2024-08-29,13,74621,4124,1052,353,110489,414.62,-0.25,7.41,0.0553,0.10053831231813773,0.0856,1.1745609065155806,266.4825623462448
NY-CMP-1198,"Paid Ads","Premium Shoppers","Google, Instagram",Tamil,Youth,2025-03-16,2025-03-16,12,60166,7720,3135,1375,723250,184.29,1.85,20.33,0.1283,0.023871761658031086,0.1781,0.1340290909090909,3924.5211351673993
NY-CMP-1199,Influencer,"Working Women",Instagram,Tamil,"Working Women",2025-05-11,2025-05-11,14,23232,1381,498,269,101413,931.68,-0.6,9.25,0.0594,0.6746415640839971,0.1948,3.4634944237918215,108.84960501459729
NY-CMP-1200,Influencer,Youth,"YouTube, Email",English,Youth,2025-02-28,2025-02-28,14,61590,3296,700,331,241299,606.17,0.2,7.03,0.0535,0.18391080097087378,0.1004,1.8313293051359516,398.07149809459395
NY-CMP-1201,SEO,"Tier 2 City Customers",Instagram,Tamil,"Tier 2 City Customers",2024-08-01,2024-08-01,25,45557,3992,1691,995,584065,291.77,1.01,14.66,0.0876,0.07308867735470942,0.2492,0.2932361809045226,2001.7993625115676
NY-CMP-1202,Influencer,Youth,Google,Hindi,"Working Women",2025-03-09,2025-03-09,20,75362,2209,1054,805,509565,355.08,0.78,5.4,0.0293,0.1607424173834314,0.3644,0.44109316770186335,1435.0709699222712
NY-CMP-1203,"Paid Ads","Premium Shoppers",Instagram,English,"Working Women",2024-07-29,2024-07-29,5,18060,1179,300,113,23504,2337.42,-0.91,8.82,0.0653,1.9825445292620867,0.0958,20.685132743362832,10.055531312301596
NY-CMP-1204,SEO,"College Students","Instagram, Email",Hindi,"College Students",2024-08-24,2024-08-24,26,64756,8778,2316,1252,373096,85.43,2.49,19.07,0.1356,0.009732285258601049,0.1426,0.06823482428115017,4367.271450310195
NY-CMP-1205,"Paid Ads","Premium Shoppers","YouTube, Email, Instagram",English,"Premium Shoppers",2025-01-21,2025-01-21,7,80324,5248,2799,1801,506081,35.88,6.83,12.26,0.0653,0.00683689024390244,0.3432,0.01992226540810661,14104.821627647714
NY-CMP-1206,SEO,Youth,WhatsApp,Hindi,"Premium Shoppers",2025-04-14,2025-04-14,25,87064,3404,1029,342,144666,375.62,0.13,5.48,0.0391,0.11034665099882492,0.1005,1.0983040935672514,385.1392364623822
NY-CMP-1207,"Social Media","College Students",Facebook,Tamil,Youth,2024-10-31,2024-10-31,27,83040,4982,1900,1479,535398,130.18,1.78,10.07,0.0600,0.026130068245684465,0.2969,0.08801893171061528,4112.751574742664
NY-CMP-1208,"Paid Ads","Working Women","Instagram, WhatsApp, Google",Bengali,Youth,2024-09-06,2024-09-06,30,43489,1996,1016,587,142641,379.31,-0.36,8.28,0.0459,0.19003507014028057,0.2941,0.6461839863713799,376.05388732171576
NY-CMP-1209,Influencer,"Tier 2 City Customers","YouTube, WhatsApp, Instagram",Tamil,"Working Women",2025-04-26,2025-04-26,14,63461,1321,748,494,186732,499.56,-0.24,4.04,0.0208,0.3781680545041635,0.3740,1.011255060728745,373.792937785251
NY-CMP-1210,"Paid Ads","Working Women","Email, Facebook, Instagram",Bengali,"Tier 2 City Customers",2025-02-24,2025-02-24,21,98384,13210,3339,1900,1003200,147.05,2.59,18.75,0.1343,0.011131718395155187,0.1438,0.07739473684210527,6822.169330159809
NY-CMP-1211,"Paid Ads","College Students",Google,Tamil,Youth,2024-09-09,2024-09-09,13,73082,2876,1648,1153,726390,142.95,3.41,7.77,0.0394,0.049704450625869256,0.4009,0.12398091934084994,5081.427072402938
NY-CMP-1212,"Social Media","Premium Shoppers",WhatsApp,Bengali,"Tier 2 City Customers",2025-04-13,2025-04-13,17,17785,1035,373,284,59072,258.37,-0.19,9.51,0.0582,0.2496328502415459,0.2744,0.9097535211267606,228.6333552657042
NY-CMP-1213,"Paid Ads",Youth,"Facebook, Instagram",Bengali,"Premium Shoppers",2024-07-29,2024-07-29,19,58685,7497,3204,1036,384356,171.2,1.17,20,0.1277,0.02283580098706149,0.1382,0.16525096525096525,2245.070093457944
NY-CMP-1214,"Social Media","College Students","Facebook, Email",Hindi,"Tier 2 City Customers",2024-07-24,2024-07-24,23,69000,7302,2144,1012,713460,216.59,2.25,15.16,0.1058,0.029661736510545055,0.1386,0.2140217391304348,3294.0578974098526
NY-CMP-1215,"Paid Ads","Tier 2 City Customers",Google,Bengali,"Premium Shoppers",2024-11-01,2024-11-01,9,99825,11114,2938,1557,326970,119.84,0.75,15.64,0.1113,0.010782796472917041,0.1401,0.07696852922286448,2728.38785046729
NY-CMP-1216,"Social Media","Working Women",Google,Bengali,"Premium Shoppers",2025-02-08,2025-02-08,8,71554,1805,579,460,315100,448.44,0.53,3.97,0.0252,0.2484432132963989,0.2548,0.9748695652173913,702.6581036482027
NY-CMP-1217,"Social Media","Premium Shoppers","Instagram, YouTube",Hindi,"Working Women",2025-01-15,2025-01-15,16,51553,1928,775,394,171390,672.55,-0.35,6.01,0.0374,0.3488329875518672,0.2044,1.706979695431472,254.83607166753404
NY-CMP-1218,Email,"College Students",Facebook,English,"Working Women",2024-09-27,2024-09-27,16,33617,715,218,140,82600,521.24,0.13,3.19,0.0213,0.729006993006993,0.1958,3.7231428571428573,158.46826797636405
NY-CMP-1219,"Paid Ads","Premium Shoppers",Instagram,Bengali,"Premium Shoppers",2024-09-15,2024-09-15,12,58254,7884,2976,2182,1228466,61.71,8.12,22.39,0.1353,0.00782724505327245,0.2768,0.028281393217231898,19907.081510290067
NY-CMP-1220,SEO,"Premium Shoppers",Email,Bengali,"Working Women",2024-10-19,2024-10-19,14,12744,682,143,74,41292,1510.23,-0.63,7.05,0.0535,2.2144134897360703,0.1085,20.408513513513515,27.34153076021533
NY-CMP-1221,Influencer,"Tier 2 City Customers","YouTube, Email, Google",Bengali,Youth,2025-02-25,2025-02-25,24,28660,1539,351,120,40200,1644.33,-0.8,7.01,0.0537,1.0684405458089667,0.0780,13.70275,24.447647370053456
NY-CMP-1222,Email,"Tier 2 City Customers","Facebook, Instagram, Google",English,Youth,2024-07-22,2024-07-22,29,59513,2927,1025,382,245244,352.34,0.82,7.28,0.0492,0.12037581141100101,0.1305,0.9223560209424083,696.0435942555487
NY-CMP-1223,"Paid Ads","Tier 2 City Customers","Email, Instagram",Tamil,"Premium Shoppers",2025-05-17,2025-05-17,18,17469,1027,357,193,119081,845.55,-0.27,9.03,0.0588,0.8233203505355403,0.1879,4.381088082901554,140.8325941694755
NY-CMP-1224,Influencer,"Tier 2 City Customers","Facebook, Google, WhatsApp",Bengali,"Premium Shoppers",2024-09-15,2024-09-15,13,44442,5786,1313,784,164640,87.93,1.39,17.74,0.1302,0.015197027307293469,0.1355,0.11215561224489796,1872.3984988058683
NY-CMP-1225,SEO,"Tier 2 City Customers","Email, YouTube",Hindi,"Working Women",2024-09-27,2024-09-27,11,73140,4538,1670,1298,447810,89.19,2.87,10.26,0.0620,0.019654032613486118,0.2860,0.06871340523882896,5020.854355869492
NY-CMP-1226,Influencer,"Working Women","Facebook, Instagram, YouTube",Bengali,"Premium Shoppers",2024-07-17,2024-07-17,14,76252,10884,3263,1005,454260,195.78,1.31,19.87,0.1427,0.01798787210584344,0.0923,0.19480597014925374,2320.2574318112165
NY-CMP-1227,SEO,"Tier 2 City Customers","Email, WhatsApp, Facebook",English,"College Students",2024-10-17,2024-10-17,30,99718,14868,8876,4926,2827524,12.27,45.77,28.75,0.1491,0.0008252623083131557,0.3313,0.0024908647990255785,230442.05378973106
NY-CMP-1228,"Social Media","Working Women","Google, Instagram, Email",Bengali,Youth,2024-11-13,2024-11-13,22,37252,796,167,129,69531,1806.61,-0.7,2.93,0.0214,2.269610552763819,0.1621,14.004728682170542,38.4870005147763
NY-CMP-1229,Influencer,"College Students",Google,Hindi,"Working Women",2025-05-22,2025-05-22,18,51202,3810,1914,709,220499,378.23,-0.18,12.56,0.0744,0.0992729658792651,0.1861,0.5334696755994358,582.9759670042038
NY-CMP-1230,Influencer,Youth,"WhatsApp, Facebook, YouTube",Tamil,Youth,2024-08-09,2024-08-09,24,48529,6866,3599,2478,666582,60.44,3.45,26.67,0.1415,0.008802796387998834,0.3609,0.024390637610976592,11028.82197220384
NY-CMP-1231,"Social Media",Youth,WhatsApp,English,"College Students",2024-08-14,2024-08-14,13,19531,2269,982,371,285670,216.17,2.56,18.54,0.1162,0.09527104451300132,0.1635,0.5826684636118598,1321.506221954943
NY-CMP-1232,"Paid Ads","College Students","Facebook, Google, Email",English,Youth,2024-12-19,2024-12-19,29,99935,3194,788,424,114056,309.29,-0.13,4.41,0.0320,0.09683469004383219,0.1327,0.7294575471698114,368.7671764363542
NY-CMP-1233,"Social Media","College Students",Email,Hindi,"Premium Shoppers",2024-09-04,2024-09-04,9,94001,12169,3150,967,703009,123.04,4.91,17.33,0.1295,0.010110937628400034,0.0795,0.12723888314374354,5713.6622236671
NY-CMP-1234,Influencer,Youth,"WhatsApp, Email",English,"Working Women",2024-07-18,2024-07-18,28,24636,2511,1460,1064,677768,278.38,1.29,20.44,0.1019,0.1108641975308642,0.4237,0.26163533834586467,2434.6863998850495
NY-CMP-1235,Influencer,"Working Women","Instagram, Facebook, Google",Tamil,Youth,2025-02-15,2025-02-15,6,55021,6860,3744,1344,1024128,124.11,5.14,21.72,0.1247,0.01809183673469388,0.1959,0.09234375,8251.776649746193
NY-CMP-1236,Influencer,"College Students","Email, Facebook, YouTube",Bengali,"Premium Shoppers",2024-11-03,2024-11-03,8,61797,7760,3214,1122,866184,160.33,3.82,19.57,0.1256,0.020661082474226804,0.1446,0.14289661319073085,5402.507328634691
NY-CMP-1237,"Paid Ads","Working Women","Google, Instagram",Tamil,"College Students",2025-02-17,2025-02-17,26,37899,2425,595,227,140740,802.49,-0.23,8.57,0.0640,0.3309237113402062,0.0936,3.5351982378854627,175.3791324502486
NY-CMP-1238,"Social Media","Premium Shoppers","WhatsApp, Email, Google",English,"College Students",2025-06-03,2025-06-03,5,84881,8195,3269,1135,676460,145.98,3.08,14.84,0.0965,0.017813300793166564,0.1385,0.12861674008810572,4633.92245513084
NY-CMP-1239,"Paid Ads","College Students","Facebook, WhatsApp",English,"Working Women",2024-07-22,2024-07-22,21,64992,6273,2897,1523,388365,86.54,1.95,16.45,0.0965,0.0137956320739678,0.2428,0.056822061720288905,4487.693552114629
NY-CMP-1240,"Paid Ads",Youth,"Facebook, Google",Tamil,"Working Women",2025-05-18,2025-05-18,25,84708,3733,1601,1059,321936,55.26,4.5,7.55,0.0441,0.014803107420305384,0.2837,0.052181303116147305,5825.841476655809
NY-CMP-1241,"Social Media","College Students",Google,Tamil,"Working Women",2024-12-05,2024-12-05,30,28592,3655,1453,842,261020,293.65,0.06,20.81,0.1278,0.08034199726402189,0.2304,0.3487529691211401,888.8813213008684
NY-CMP-1242,"Paid Ads","Working Women",Email,Tamil,"Premium Shoppers",2024-11-17,2024-11-17,20,56474,1315,761,475,162450,350.97,-0.03,4.52,0.0233,0.26689733840304186,0.3612,0.7388842105263158,462.86007351055645
NY-CMP-1243,"Social Media","Premium Shoppers","Google, Facebook, Instagram",Tamil,"College Students",2025-02-10,2025-02-10,7,70498,8059,3823,2157,832602,68.68,4.62,19.91,0.1143,0.008522149150018614,0.2677,0.03184051923968475,12122.917880023295
NY-CMP-1244,Email,"College Students","Instagram, WhatsApp",Tamil,"Tier 2 City Customers",2024-08-21,2024-08-21,19,14170,1123,228,100,52200,1278.38,-0.59,10.24,0.0793,1.1383615316117544,0.0890,12.783800000000001,40.832929175988355
NY-CMP-1245,"Social Media","Premium Shoppers","YouTube, Instagram",Bengali,"Premium Shoppers",2025-01-06,2025-01-06,30,35819,2513,1247,544,111520,324.24,-0.37,12.02,0.0702,0.12902506963788302,0.2165,0.5960294117647059,343.94275845053045
NY-CMP-1246,"Paid Ads","Working Women","WhatsApp, Instagram",Tamil,Youth,2024-08-03,2024-08-03,12,44138,5531,1679,562,159046,399.45,-0.29,17.61,0.1253,0.07222021334297596,0.1016,0.7107651245551602,398.1624734009263
NY-CMP-1247,"Paid Ads","Working Women","WhatsApp, YouTube, Instagram",Hindi,"College Students",2025-02-19,2025-02-19,11,60321,2514,527,339,213231,279.59,1.25,5.6,0.0417,0.1112132060461416,0.1348,0.8247492625368731,762.6560320469259
NY-CMP-1248,"Paid Ads","Tier 2 City Customers","YouTube, Instagram, WhatsApp",Tamil,"Premium Shoppers",2024-09-23,2024-09-23,6,51089,2937,1760,1348,624124,94.97,3.88,11.83,0.0575,0.03233571671773919,0.4590,0.07045252225519288,6571.801621564705
NY-CMP-1249,Influencer,"Premium Shoppers",Email,Bengali,"Premium Shoppers",2025-02-12,2025-02-12,6,74805,9095,2883,1924,463684,50.52,3.77,18.58,0.1216,0.0055547003848268285,0.2115,0.02625779625779626,9178.226444972288
NY-CMP-1250,Influencer,Youth,"WhatsApp, Facebook",Tamil,"Working Women",2025-06-07,2025-06-07,18,35779,5225,2594,856,259368,194.53,0.56,24.25,0.1460,0.03723062200956938,0.1638,0.22725467289719625,1333.3059168251684
NY-CMP-1251,Influencer,Youth,"Email, Instagram",English,"Premium Shoppers",2024-09-23,2024-09-23,23,17685,1263,539,409,116974,280.19,0.02,12.5,0.0714,0.2218448139350752,0.3238,0.6850611246943765,417.48099503908065
NY-CMP-1252,Influencer,"Working Women",WhatsApp,English,"College Students",2025-04-04,2025-04-04,25,33664,2820,1491,1113,459669,57.37,6.2,16.11,0.0838,0.020343971631205673,0.3947,0.05154537286612758,8012.358375457557
NY-CMP-1253,Email,"Tier 2 City Customers",Google,Bengali,Youth,2024-07-23,2024-07-23,6,49634,1540,351,122,93818,2180.83,-0.65,4.06,0.0310,1.4161233766233765,0.0792,17.875655737704918,43.01940087031085
NY-CMP-1254,"Paid Ads","College Students","Facebook, YouTube, Instagram",English,"Tier 2 City Customers",2025-03-27,2025-03-27,21,48777,2423,1387,912,694032,159.35,3.78,9.68,0.0497,0.06576557985967808,0.3764,0.17472587719298244,4355.393787260747
NY-CMP-1255,"Paid Ads","Premium Shoppers",YouTube,Bengali,"Tier 2 City Customers",2025-03-21,2025-03-21,7,20894,477,193,141,42441,492.89,-0.39,3.88,0.0228,1.0333123689727464,0.2956,3.495673758865248,86.10643348414453
NY-CMP-1256,Influencer,"Tier 2 City Customers",Google,Tamil,"Working Women",2024-10-05,2024-10-05,6,53119,6159,2300,1204,255248,213.16,-0.01,18.19,0.1159,0.0346095145315798,0.1955,0.17704318936877075,1197.4479264402328
NY-CMP-1257,"Social Media","Premium Shoppers",Instagram,Tamil,"Working Women",2025-02-19,2025-02-19,6,92447,4234,1240,974,319472,270.14,0.21,6.97,0.0458,0.06380255077940482,0.2300,0.2773511293634497,1182.6164211149776
NY-CMP-1258,SEO,"College Students","Facebook, WhatsApp",Tamil,"Working Women",2025-03-24,2025-03-24,11,49248,1949,1026,499,286925,387.99,0.48,7.05,0.0396,0.19907131862493588,0.2560,0.7775350701402806,739.5164823835665
NY-CMP-1259,Influencer,"Premium Shoppers","WhatsApp, YouTube, Google",English,"Working Women",2024-12-14,2024-12-14,7,94671,9175,4410,2499,1766793,52.78,12.4,16.99,0.0969,0.005752588555858311,0.2724,0.02112044817927171,33474.668435013264
NY-CMP-1260,Influencer,"Working Women","Google, YouTube, Facebook",Tamil,Youth,2024-10-27,2024-10-27,21,89990,3505,1793,1074,751800,259.5,1.7,7.08,0.0389,0.07403708987161198,0.3064,0.24162011173184358,2897.1098265895953
NY-CMP-1261,Influencer,"Premium Shoppers","Google, Facebook",Bengali,"Working Women",2024-10-13,2024-10-13,8,92236,6138,1396,633,446898,417.98,0.69,8.85,0.0665,0.0680971000325839,0.1031,0.6603159557661927,1069.1851284750467
NY-CMP-1262,Email,"College Students","WhatsApp, Google, Instagram",Bengali,Youth,2024-10-14,2024-10-14,10,85818,2392,1112,590,340430,328.28,0.76,4.77,0.0279,0.13724080267558528,0.2467,0.5564067796610169,1037.0110880955283
NY-CMP-1263,"Paid Ads",Youth,"WhatsApp, Google",English,"Premium Shoppers",2024-10-09,2024-10-09,13,91560,10243,2457,1139,271082,236.57,0.01,15.11,0.1119,0.023095772722835105,0.1112,0.20769973661106234,1145.8849389187133
NY-CMP-1264,Email,"Premium Shoppers",WhatsApp,English,"Tier 2 City Customers",2025-02-25,2025-02-25,8,56231,3442,1021,492,297168,499.85,0.21,8.81,0.0612,0.14522080185938407,0.1429,1.0159552845528457,594.5143543062918
NY-CMP-1265,Influencer,"Working Women","Google, YouTube, WhatsApp",Hindi,"Tier 2 City Customers",2024-07-27,2024-07-27,9,48559,2682,766,326,149634,401.57,0.14,7.77,0.0552,0.14972781506338553,0.1216,1.2318098159509203,372.62245685683695
NY-CMP-1266,"Social Media","Tier 2 City Customers","Email, Facebook, YouTube",English,"Working Women",2025-02-23,2025-02-23,11,39008,1024,417,282,170610,208.64,1.9,4.42,0.0263,0.20375,0.2754,0.7398581560283688,817.724309815951
NY-CMP-1267,Email,"Tier 2 City Customers","Instagram, Facebook",Tamil,"Premium Shoppers",2024-09-19,2024-09-19,16,85319,5490,3051,1666,982940,35.63,15.56,11.96,0.0643,0.006489981785063752,0.3035,0.02138655462184874,27587.426326129666
NY-CMP-1268,"Paid Ads","Premium Shoppers","Facebook, WhatsApp",English,"Working Women",2025-04-09,2025-04-09,16,83312,7037,3321,2489,569981,37.95,5.03,15.42,0.0845,0.005392923120648004,0.3537,0.015247087183607877,15019.262187088272
NY-CMP-1269,Email,"College Students","WhatsApp, Facebook",Hindi,Youth,2025-02-15,2025-02-15,22,67078,4522,1999,1516,591240,122.57,2.18,11.98,0.0674,0.027105263157894736,0.3352,0.0808509234828496,4823.692583829648
NY-CMP-1270,Email,Youth,YouTube,English,"Premium Shoppers",2024-09-25,2024-09-25,14,60317,2337,924,356,86152,607.23,-0.6,6,0.0387,0.2598331193838254,0.1523,1.7057022471910113,141.87704823542973
NY-CMP-1271,SEO,Youth,"WhatsApp, YouTube, Facebook",Bengali,"Working Women",2025-04-15,2025-04-15,10,20630,2351,767,456,153216,237.83,0.41,17.32,0.1140,0.1011612079965972,0.1940,0.5215570175438596,644.2248665012823
NY-CMP-1272,"Paid Ads","College Students","WhatsApp, Instagram, Email",Hindi,"College Students",2025-02-23,2025-02-23,19,20872,2627,716,430,178450,578.21,-0.28,18.08,0.1259,0.2201027788351732,0.1637,1.3446744186046513,308.6248940696287
NY-CMP-1273,SEO,Youth,"Email, WhatsApp, Facebook",English,"College Students",2024-08-08,2024-08-08,24,98542,13381,4936,1982,1393346,48.07,13.62,20.6,0.1358,0.0035924071444585607,0.1481,0.024253279515640765,28985.770750988144
NY-CMP-1274,"Paid Ads","Tier 2 City Customers",WhatsApp,English,"Working Women",2025-04-17,2025-04-17,13,52848,3450,1531,1131,230724,123.84,0.65,11.57,0.0653,0.035895652173913044,0.3278,0.10949602122015915,1863.081395348837
NY-CMP-1275,Influencer,"Working Women","Google, YouTube",Tamil,"Premium Shoppers",2024-08-19,2024-08-19,13,46658,3641,1972,952,482664,112.75,3.5,14.07,0.0780,0.030966767371601207,0.2615,0.11843487394957983,4280.8337028824835
NY-CMP-1276,Influencer,"Tier 2 City Customers","Instagram, WhatsApp, YouTube",English,Youth,2024-09-05,2024-09-05,19,46123,1253,514,336,206976,474.07,0.3,4.56,0.0272,0.37834796488427774,0.2682,1.410922619047619,436.59375197755605
NY-CMP-1277,Email,"Working Women","WhatsApp, Instagram",Bengali,"College Students",2024-07-08,2024-07-08,29,64268,8323,2092,854,533750,211.58,1.95,17.53,0.1295,0.025421122191517483,0.1026,0.24775175644028105,2522.686454296247
NY-CMP-1278,"Paid Ads",Youth,"WhatsApp, Instagram, Email",English,"College Students",2024-07-27,2024-07-27,9,57787,6946,3076,1897,1475866,113.15,5.88,20.63,0.1202,0.016289951050964584,0.2731,0.059646810753821826,13043.446752098984
NY-CMP-1279,"Social Media","Tier 2 City Customers",YouTube,Bengali,Youth,2024-10-12,2024-10-12,12,29025,3970,1528,715,536965,165.11,3.55,21.41,0.1368,0.04158942065491184,0.1801,0.23092307692307695,3252.1652231845433
NY-CMP-1280,Influencer,"Working Women","Facebook, WhatsApp, YouTube",English,"College Students",2024-09-21,2024-09-21,10,30927,3232,1551,621,170775,428.9,-0.36,17.47,0.1045,0.13270420792079207,0.1921,0.6906602254428341,398.16973653532295
NY-CMP-1281,"Paid Ads","College Students",WhatsApp,Hindi,"Tier 2 City Customers",2024-09-06,2024-09-06,20,93254,13029,4712,2576,1463168,42.52,12.36,21.79,0.1397,0.0032634891396116357,0.1977,0.016506211180124224,34411.28880526811
NY-CMP-1282,Email,"College Students","WhatsApp, Instagram",Bengali,"College Students",2024-12-07,2024-12-07,25,56016,3091,1486,1135,500535,201.94,1.18,10.2,0.0552,0.06533160789388548,0.3672,0.177920704845815,2478.632267010003
NY-CMP-1283,Email,"Tier 2 City Customers","YouTube, Instagram, Facebook",Tamil,"Tier 2 City Customers",2024-11-05,2024-11-05,13,19220,1653,651,282,112518,859.57,-0.54,13.45,0.0860,0.5200060496067755,0.1706,3.0481205673758867,130.90033388787415
NY-CMP-1284,Influencer,"College Students","Google, Facebook, WhatsApp",Hindi,"Premium Shoppers",2024-09-01,2024-09-01,24,35278,3716,1618,730,182500,85.94,1.91,17.19,0.1053,0.023127018299246502,0.1964,0.11772602739726028,2123.5745869211078
NY-CMP-1285,"Paid Ads","College Students","Google, YouTube",English,"Premium Shoppers",2024-11-01,2024-11-01,27,34854,3390,1406,686,216776,266.54,0.19,15.73,0.0973,0.07862536873156342,0.2024,0.38854227405247815,813.2963157499812
NY-CMP-1286,Email,"Working Women","Facebook, Google",Bengali,Youth,2024-08-27,2024-08-27,11,35580,5336,2493,814,280830,239.72,0.44,24.29,0.1500,0.04492503748125937,0.1525,0.29449631449631447,1171.4917403637578
NY-CMP-1287,SEO,"Premium Shoppers","Instagram, YouTube, Google",Bengali,"Premium Shoppers",2025-01-28,2025-01-28,22,91042,10498,4250,2279,1620369,48.41,13.69,18.7,0.1153,0.004611354543722614,0.2171,0.021241772707327775,33471.78268952696
NY-CMP-1288,"Paid Ads","College Students","YouTube, WhatsApp, Facebook",English,"College Students",2025-02-20,2025-02-20,17,61525,6343,1928,1119,447600,105.67,2.79,15.26,0.1031,0.016659309475011826,0.1764,0.0944325290437891,4235.828522759534
NY-CMP-1289,"Paid Ads","Tier 2 City Customers",Email,Bengali,"Tier 2 City Customers",2024-11-16,2024-11-16,27,74488,4731,2727,1189,439930,126.21,1.93,11.61,0.0635,0.02667723525681674,0.2513,0.106148023549201,3485.698439109421
NY-CMP-1290,"Social Media","Tier 2 City Customers","Google, WhatsApp",Bengali,"College Students",2025-01-15,2025-01-15,23,25159,2909,877,580,240120,91.6,3.52,17.35,0.1156,0.03148848401512547,0.1994,0.1579310344827586,2621.397379912664
NY-CMP-1291,"Paid Ads","Tier 2 City Customers",Email,Tamil,"Premium Shoppers",2024-11-09,2024-11-09,11,46772,6386,2227,700,298200,99.18,3.3,19.91,0.1365,0.015530848731600377,0.1096,0.1416857142857143,3006.6545674531153
NY-CMP-1292,"Social Media","Working Women","WhatsApp, Google, YouTube",English,Youth,2025-01-12,2025-01-12,22,28876,1886,1050,417,126351,274.12,0.11,11.61,0.0653,0.14534464475079534,0.2211,0.6573621103117506,460.9331679556399
NY-CMP-1293,"Paid Ads",Youth,"Google, Instagram",English,"Premium Shoppers",2025-05-16,2025-05-16,16,83531,6629,2949,1207,743512,56.39,9.92,12.91,0.0794,0.008506562075727862,0.1821,0.04671913835956918,13185.174676361057
NY-CMP-1294,"Social Media","Tier 2 City Customers","Facebook, Google",Tamil,"Premium Shoppers",2025-05-29,2025-05-29,15,85396,9341,4162,2304,737280,120.88,1.65,18.51,0.1094,0.012940798629697034,0.2467,0.05246527777777778,6099.272005294507
NY-CMP-1295,SEO,"Working Women","Instagram, WhatsApp",Tamil,"College Students",2025-01-13,2025-01-13,9,27477,4033,1486,875,322000,167.57,1.2,23.27,0.1468,0.04154971485246715,0.2170,0.19150857142857142,1921.5850092498658
NY-CMP-1296,Email,"College Students",Facebook,Hindi,"Working Women",2025-01-17,2025-01-17,13,80276,2108,784,377,195286,285.85,0.81,4.07,0.0263,0.1356024667931689,0.1788,0.7582228116710876,683.1764911666958
NY-CMP-1297,"Social Media","Working Women","Facebook, Email, Instagram",English,Youth,2024-11-08,2024-11-08,28,11775,678,333,151,72782,1900.84,-0.75,9.87,0.0576,2.8035988200589967,0.2227,12.588344370860927,38.28938784958229
NY-CMP-1298,Email,"Premium Shoppers",Google,Tamil,"Premium Shoppers",2024-07-11,2024-07-11,14,94198,11282,6768,4987,3520822,53.98,12.08,24.46,0.1198,0.00478461265733026,0.4420,0.010824142771205133,65224.5646535754
NY-CMP-1299,Email,Youth,"Facebook, YouTube",Bengali,"Premium Shoppers",2025-02-10,2025-02-10,30,40717,1371,766,320,80320,408.68,-0.39,6.03,0.0337,0.29808898614150253,0.2334,1.277125,196.5351864539493
NY-CMP-1300,"Social Media",Youth,"Facebook, Instagram",English,"Working Women",2024-12-06,2024-12-06,6,36090,3443,1378,1052,727984,119.82,4.78,16.27,0.0954,0.03480104559976764,0.3055,0.11389733840304182,6075.6468035386415
NY-CMP-1301,Email,Youth,"Email, YouTube",Bengali,"College Students",2025-01-07,2025-01-07,14,67894,5119,1395,1097,482680,272.11,0.62,11.21,0.0754,0.05315686657550303,0.2143,0.248049225159526,1773.8414611737899
NY-CMP-1302,Influencer,"Working Women",YouTube,Hindi,"Tier 2 City Customers",2024-12-01,2024-12-01,5,11933,247,67,24,16944,9469.83,-0.93,2.83,0.0207,38.339392712550605,0.0972,394.57625,1.789261264457757
NY-CMP-1303,SEO,"Tier 2 City Customers","Email, Google, Facebook",Bengali,"College Students",2025-01-20,2025-01-20,12,57286,3832,1225,694,525358,144.47,4.24,10.04,0.0669,0.03770093945720251,0.1811,0.2081700288184438,3636.450474146882
NY-CMP-1304,"Paid Ads",Youth,"Email, Facebook",Tamil,"Premium Shoppers",2025-02-08,2025-02-08,8,20748,1524,890,672,321216,210.07,1.28,14.87,0.0735,0.13784120734908137,0.4409,0.3126041666666667,1529.090303232256
NY-CMP-1305,SEO,"Tier 2 City Customers",WhatsApp,English,"Working Women",2024-11-03,2024-11-03,10,33973,1434,825,387,182664,464.13,0.02,7.79,0.0422,0.3236610878661088,0.2699,1.1993023255813953,393.56214853597055
NY-CMP-1306,"Paid Ads","College Students",Facebook,English,"Tier 2 City Customers",2025-03-15,2025-03-15,30,85229,3739,888,406,312214,646.45,0.19,5.91,0.0439,0.17289382187750738,0.1086,1.592241379310345,482.96697347049263
NY-CMP-1307,"Paid Ads","College Students","Instagram, Google",Hindi,"College Students",2025-03-23,2025-03-23,28,55784,1715,552,401,119097,702.72,-0.58,4.78,0.0307,0.40974927113702625,0.2338,1.752418952618454,169.48002049180326
NY-CMP-1308,"Social Media","Tier 2 City Customers","YouTube, Facebook",Hindi,"College Students",2024-12-13,2024-12-13,17,93707,6645,1491,901,220745,224.2,0.09,9.64,0.0709,0.033739653875094054,0.1356,0.248834628190899,984.5896520963425
NY-CMP-1309,Influencer,Youth,"Google, YouTube, Email",Hindi,Youth,2025-01-03,2025-01-03,26,18590,913,242,164,118408,1813.02,-0.6,7.1,0.0491,1.9857831325301205,0.1796,11.055,65.30981456354591
NY-CMP-1310,Influencer,Youth,"Facebook, YouTube",Hindi,"Premium Shoppers",2024-10-30,2024-10-30,15,65165,8972,4626,2168,936576,28.7,14.05,24.19,0.1377,0.0031988408381631744,0.2416,0.0132380073800738,32633.310104529617
NY-CMP-1311,Email,Youth,"Facebook, WhatsApp, Google",Hindi,"College Students",2024-09-20,2024-09-20,22,19401,2469,596,368,263856,424.18,0.69,17.69,0.1273,0.17180234912920211,0.1490,1.152663043478261,622.0378141355085
NY-CMP-1312,Email,"Tier 2 City Customers","Google, WhatsApp, Instagram",English,Youth,2024-10-05,2024-10-05,17,15248,2184,933,315,217665,809.37,-0.15,22.51,0.1432,0.3705906593406593,0.1442,2.5694285714285714,268.93139108195265
NY-CMP-1313,Influencer,"Premium Shoppers","YouTube, Email, Google",Tamil,"Premium Shoppers",2025-03-07,2025-03-07,11,14003,1008,524,324,244296,654.25,0.15,13.25,0.0720,0.6490575396825397,0.3214,2.01929012345679,373.3985479556744
NY-CMP-1314,Influencer,"Premium Shoppers",WhatsApp,Tamil,"Working Women",2025-04-17,2025-04-17,13,51751,7300,4116,1982,903792,33.99,12.42,25.89,0.1411,0.004656164383561644,0.2715,0.017149344096871848,26589.938217122683
NY-CMP-1315,Influencer,"College Students","YouTube, Instagram, Email",Hindi,"Premium Shoppers",2024-10-07,2024-10-07,5,83712,6057,3113,1943,823832,37.41,10.33,13.28,0.0724,0.006176324913323427,0.3208,0.019253731343283582,22021.70542635659
NY-CMP-1316,SEO,Youth,"Instagram, YouTube",Hindi,"Tier 2 City Customers",2025-05-25,2025-05-25,18,75593,11146,6267,3681,1825776,20.14,23.63,27.9,0.1474,0.00180692625157007,0.3303,0.005471339309970117,90654.22045680237
NY-CMP-1317,"Paid Ads","Tier 2 City Customers",Google,Bengali,"Working Women",2024-10-30,2024-10-30,27,80323,6530,1735,921,396951,263.31,0.64,11.44,0.0813,0.04032312404287902,0.1410,0.2858957654723127,1507.5424404694086
NY-CMP-1318,Influencer,"Tier 2 City Customers",WhatsApp,English,"Premium Shoppers",2025-03-05,2025-03-05,12,54342,6000,2550,820,510040,107.33,4.79,17.24,0.1104,0.017888333333333332,0.1367,0.13089024390243903,4752.073045746763
NY-CMP-1319,SEO,"Tier 2 City Customers",WhatsApp,Tamil,"Premium Shoppers",2025-03-07,2025-03-07,23,21102,638,320,226,131306,1040.97,-0.44,5.61,0.0302,1.6316144200626959,0.3542,4.606061946902655,126.13812117544214
NY-CMP-1320,Email,"Tier 2 City Customers","YouTube, WhatsApp, Google",Bengali,"College Students",2025-02-08,2025-02-08,8,17656,2463,1226,546,232596,373.75,0.14,23.99,0.1395,0.151745838408445,0.2217,0.6845238095238095,622.3304347826087
NY-CMP-1321,"Paid Ads","Tier 2 City Customers",Email,Tamil,"Premium Shoppers",2024-08-11,2024-08-11,6,86679,11858,2874,1209,869271,186.38,2.86,18.39,0.1368,0.015717658964412212,0.1020,0.15416046319272125,4663.971456164824
NY-CMP-1322,"Social Media","Premium Shoppers",WhatsApp,Bengali,"Tier 2 City Customers",2025-01-16,2025-01-16,21,34224,2701,865,307,113590,571.56,-0.35,11.32,0.0789,0.21161051462421324,0.1137,1.8617589576547229,198.73679053817625
NY-CMP-1323,"Paid Ads","Premium Shoppers","YouTube, Facebook",Hindi,"College Students",2025-01-17,2025-01-17,16,31178,3122,683,241,52056,267.9,-0.19,12.98,0.1001,0.08581037796284433,0.0772,1.1116182572614106,194.31131019036957
NY-CMP-1324,"Paid Ads","College Students",Instagram,Bengali,"College Students",2024-10-31,2024-10-31,13,48495,2914,1509,959,261807,59.01,3.63,11.1,0.0601,0.02025051475634866,0.3291,0.061532846715328465,4436.654804270463
NY-CMP-1325,"Social Media","Working Women",Email,English,"Premium Shoppers",2025-05-01,2025-05-01,6,57738,6835,3804,1267,918575,113.24,5.4,20.62,0.1184,0.0165676664228237,0.1854,0.08937647987371744,8111.75379724479
NY-CMP-1326,Email,Youth,Instagram,Tamil,Youth,2024-08-25,2024-08-25,26,45538,6239,3142,2456,1151864,99.88,3.7,25.99,0.1370,0.01600897579740343,0.3937,0.04066775244299674,11532.478974769725
NY-CMP-1327,Email,"Working Women","Facebook, YouTube",Tamil,Youth,2024-10-02,2024-10-02,12,90104,10352,5900,3134,1855328,74.69,6.93,21.52,0.1149,0.0072150309119010814,0.3027,0.02383216336949585,24840.380238318383
NY-CMP-1328,Email,"Working Women","Instagram, YouTube, Email",Tamil,"Working Women",2024-10-06,2024-10-06,7,56019,3589,1992,1272,643632,220.46,1.3,12.23,0.0641,0.061426581220395654,0.3544,0.1733176100628931,2919.495600108863
NY-CMP-1329,"Paid Ads","Tier 2 City Customers","WhatsApp, Google",Hindi,"Premium Shoppers",2024-10-02,2024-10-02,25,70317,9147,5169,2677,1595492,20.58,27.96,24.17,0.1301,0.0022499180059035746,0.2927,0.007687710123272319,77526.33624878523
NY-CMP-1330,Email,Youth,"WhatsApp, Google",Tamil,"Working Women",2025-05-31,2025-05-31,13,89786,3987,1097,333,146187,570.86,-0.23,6.03,0.0444,0.14318033609229996,0.0835,1.7142942942942943,256.08205164138315
NY-CMP-1331,"Paid Ads","Premium Shoppers","WhatsApp, Facebook",Tamil,"Working Women",2024-09-13,2024-09-13,17,99499,2514,591,191,94163,1349.16,-0.63,3.31,0.0253,0.5366587112171838,0.0760,7.063664921465969,69.79379762222419
NY-CMP-1332,"Social Media","Working Women","YouTube, Google",Bengali,"Working Women",2024-11-23,2024-11-23,30,65455,2458,879,267,126024,1113.49,-0.58,5.51,0.0376,0.453006509357201,0.1086,4.170374531835206,113.17928315476564
NY-CMP-1333,Email,"Tier 2 City Customers","Google, Email, Instagram",English,"Tier 2 City Customers",2024-12-03,2024-12-03,9,28471,3379,1357,955,666590,184.92,2.77,19.99,0.1187,0.05472625036993193,0.2826,0.19363350785340314,3604.7479991347614
NY-CMP-1334,Influencer,"Tier 2 City Customers",Email,Bengali,"Premium Shoppers",2025-02-12,2025-02-12,19,52970,7740,3310,2063,596207,50.84,4.68,24.76,0.1461,0.006568475452196383,0.2665,0.024643722733882698,11727.124311565696
NY-CMP-1335,"Social Media","Premium Shoppers",Google,English,"College Students",2025-05-02,2025-05-02,5,12068,354,165,90,43920,2582.4,-0.81,5.05,0.0293,7.294915254237289,0.2542,28.693333333333335,17.007434944237918
NY-CMP-1336,SEO,Youth,WhatsApp,Hindi,Youth,2025-05-02,2025-05-02,10,20256,1915,880,534,110538,347.2,-0.4,16.43,0.0945,0.18130548302872063,0.2789,0.650187265917603,318.36981566820276
NY-CMP-1337,"Social Media","Premium Shoppers","Google, Facebook",English,"Working Women",2025-03-01,2025-03-01,21,13954,447,91,63,15750,1662.97,-0.85,4.31,0.0320,3.720290827740492,0.1409,26.396349206349207,9.47100669284473
NY-CMP-1338,Email,"Working Women","WhatsApp, YouTube, Facebook",Bengali,"College Students",2024-12-16,2024-12-16,30,21325,1026,284,115,91540,2469.12,-0.68,6.68,0.0481,2.406549707602339,0.1121,21.470608695652174,37.07393727319855
NY-CMP-1339,"Social Media",Youth,Facebook,English,Youth,2024-10-15,2024-10-15,25,45650,6063,2292,1153,258272,117.65,0.9,20.83,0.1328,0.019404585188850406,0.1902,0.1020381613183001,2195.257118572036
NY-CMP-1340,Email,"Tier 2 City Customers",Facebook,English,"Working Women",2025-03-30,2025-03-30,21,63424,8697,1851,689,192231,291.06,-0.04,17.72,0.1371,0.033466712659537774,0.0792,0.42243831640058055,660.4514533085961
NY-CMP-1341,Influencer,"Working Women",YouTube,Tamil,"Premium Shoppers",2025-01-27,2025-01-27,19,83020,6018,3480,2162,1707980,69.94,10.3,14.04,0.0725,0.011621801262878033,0.3593,0.032349676225716925,24420.646268229913
NY-CMP-1342,SEO,"College Students","YouTube, Facebook",Bengali,"Working Women",2025-03-21,2025-03-21,16,63695,9058,2500,1307,863927,201.57,2.28,20.2,0.1422,0.022253256789578273,0.1443,0.15422341239479723,4285.9899786674605
NY-CMP-1343,Influencer,Youth,"YouTube, WhatsApp, Facebook",Bengali,"College Students",2024-08-02,2024-08-02,19,91520,5684,2303,1544,500256,60.13,4.39,10.41,0.0621,0.010578817733990149,0.2716,0.03894430051813472,8319.574255779145
NY-CMP-1344,Email,"Tier 2 City Customers","Email, YouTube, Google",Tamil,"Premium Shoppers",2024-11-25,2024-11-25,23,62049,4002,1003,377,167388,506.82,-0.12,8.67,0.0645,0.1266416791604198,0.0942,1.3443501326259948,330.2711021664496
NY-CMP-1345,"Social Media","College Students",Facebook,English,"Working Women",2025-01-05,2025-01-05,10,87478,8575,2515,1754,577066,53.05,5.2,14.68,0.0980,0.006186588921282798,0.2045,0.030245153933865447,10877.775683317626
NY-CMP-1346,Influencer,"Premium Shoppers","YouTube, Google",Bengali,"Working Women",2025-04-25,2025-04-25,12,29681,4145,1448,602,175182,363.63,-0.2,20.87,0.1397,0.08772738238841978,0.1452,0.6040365448504983,481.75893078128865
NY-CMP-1347,"Paid Ads","Working Women","Instagram, WhatsApp, Email",Bengali,"Tier 2 City Customers",2024-08-25,2024-08-25,11,41265,4858,2623,1928,1422864,121.7,5.06,22.8,0.1177,0.02505146150679292,0.3969,0.06312240663900415,11691.569433032046
NY-CMP-1348,"Paid Ads","College Students","Instagram, Email",Tamil,Youth,2025-01-18,2025-01-18,28,65427,7787,1966,1364,688820,159.14,2.17,16.99,0.1190,0.020436625144471553,0.1752,0.1166715542521994,4328.39009677014
NY-CMP-1349,"Social Media","College Students","Google, Facebook",Bengali,"College Students",2024-07-11,2024-07-11,5,95791,9536,3824,1970,525990,70.57,2.78,16,0.0996,0.007400377516778522,0.2066,0.03582233502538071,7453.450474705966
NY-CMP-1350,"Paid Ads","Working Women","WhatsApp, Email",Tamil,"College Students",2024-09-08,2024-09-08,7,73991,6096,1885,1199,416053,59.64,4.82,12.41,0.0824,0.009783464566929134,0.1967,0.04974145120934112,6976.073105298457
NY-CMP-1351,"Social Media","Working Women",Email,English,"Tier 2 City Customers",2025-06-11,2025-06-11,8,79210,9451,2672,1389,297246,165.27,0.29,17.06,0.1193,0.01748703840863401,0.1470,0.11898488120950325,1798.5478308222907
NY-CMP-1352,SEO,"Premium Shoppers","Google, YouTube",English,Youth,2024-10-25,2024-10-25,26,25236,778,180,130,103480,422.23,0.89,4.31,0.0308,0.5427120822622108,0.1671,3.247923076923077,245.07969590033866
NY-CMP-1353,"Paid Ads",Youth,"WhatsApp, YouTube",Tamil,"Premium Shoppers",2025-03-14,2025-03-14,19,20457,2340,1138,813,249591,300.21,0.02,20.98,0.1144,0.12829487179487178,0.3474,0.36926199261992615,831.388028380134
NY-CMP-1354,Email,Youth,"Email, Facebook",Tamil,"Working Women",2024-07-28,2024-07-28,9,23359,2798,1612,695,159850,338.9,-0.32,21.85,0.1198,0.12112223016440314,0.2484,0.4876258992805755,471.6730598996755
NY-CMP-1355,Influencer,"College Students","Google, Email",Bengali,"Working Women",2025-04-03,2025-04-03,27,51530,2906,759,376,140248,621.99,-0.4,7.84,0.0564,0.21403647625602204,0.1294,1.6542287234042554,225.48272480264956
NY-CMP-1356,Influencer,"Premium Shoppers","Facebook, YouTube, Instagram",Hindi,"Working Women",2025-02-22,2025-02-22,5,59738,3387,1195,566,234324,337.67,0.23,8.62,0.0567,0.09969589607322114,0.1671,0.5965901060070672,693.9437912755056
NY-CMP-1357,"Paid Ads","Tier 2 City Customers","WhatsApp, Instagram, Email",Tamil,"College Students",2024-12-16,2024-12-16,27,89300,8946,2457,1044,230724,264.1,-0.16,13.94,0.1002,0.029521573887771074,0.1167,0.25296934865900383,873.6236274138583
NY-CMP-1358,SEO,"Tier 2 City Customers","WhatsApp, Email, YouTube",English,"Premium Shoppers",2024-08-17,2024-08-17,17,18772,1477,411,147,100695,756.82,-0.09,10.84,0.0787,0.5124035206499662,0.0995,5.14843537414966,133.05013081049654
NY-CMP-1359,SEO,"College Students",Facebook,English,"College Students",2024-12-20,2024-12-20,7,85537,11279,6580,3661,2544395,30.7,21.64,25.16,0.1319,0.0027218725064278746,0.3246,0.008385686970773012,82879.31596091205
NY-CMP-1360,"Social Media","College Students",Instagram,English,"Working Women",2025-03-20,2025-03-20,11,93900,4401,1986,1063,347601,182.18,0.79,7.93,0.0469,0.0413951374687571,0.2415,0.17138287864534338,1908.0085629597102
NY-CMP-1361,"Social Media","Tier 2 City Customers",Instagram,English,"Tier 2 City Customers",2025-03-12,2025-03-12,8,56921,5636,3157,2448,984096,30.98,11.98,19.75,0.0990,0.00549680624556423,0.4344,0.012655228758169934,31765.52614590058
NY-CMP-1362,SEO,"Premium Shoppers","Instagram, Google",English,"Tier 2 City Customers",2025-04-07,2025-04-07,8,58026,1684,851,631,200658,204.34,0.56,5.46,0.0290,0.12134204275534442,0.3747,0.3238351822503962,981.9810120387589
NY-CMP-1363,Email,"Premium Shoppers","YouTube, Email",English,"Working Women",2025-05-05,2025-05-05,21,17271,1656,418,172,106296,1010.06,-0.39,13,0.0959,0.60993961352657,0.1039,5.872441860465116,105.23731263489299
NY-CMP-1364,Email,Youth,"Instagram, Google, WhatsApp",Bengali,"Tier 2 City Customers",2024-08-29,2024-08-29,12,75894,2271,1003,665,340480,196.4,1.61,5.19,0.0299,0.086481726111845,0.2928,0.2953383458646617,1733.6048879837067
NY-CMP-1365,Influencer,Youth,WhatsApp,English,Youth,2025-03-07,2025-03-07,8,91994,11715,2552,1098,653310,223.09,1.67,16.7,0.1273,0.01904310712761417,0.0937,0.2031785063752277,2928.4593661750864
NY-CMP-1366,"Social Media","Working Women","Instagram, WhatsApp",Hindi,Youth,2025-01-27,2025-01-27,23,59138,1212,404,299,159666,547.11,-0.02,3.24,0.0205,0.4514108910891089,0.2467,1.8297993311036789,291.83527992542633
NY-CMP-1367,"Paid Ads","College Students","WhatsApp, Email",Tamil,"Premium Shoppers",2024-07-02,2024-07-02,12,48778,5643,2666,1826,628144,30.85,10.15,20.78,0.1157,0.005466950203792309,0.3236,0.016894852135815992,20361.23176661264
NY-CMP-1368,"Social Media",Youth,Instagram,English,"Premium Shoppers",2024-09-04,2024-09-04,26,16704,1131,347,184,144440,430.27,0.82,9.95,0.0677,0.3804332449160035,0.1627,2.3384239130434783,335.69619076393894
NY-CMP-1369,SEO,Youth,Google,Bengali,"Tier 2 City Customers",2024-09-01,2024-09-01,9,42657,1411,521,210,68040,860.95,-0.62,5.02,0.0331,0.6101700921332389,0.1488,4.099761904761905,79.02897961554096
NY-CMP-1370,Email,"Working Women",Instagram,Tamil,"Premium Shoppers",2025-04-25,2025-04-25,17,80288,9840,3087,1579,484753,148.37,1.07,18.07,0.1226,0.015078252032520325,0.1605,0.09396453451551615,3267.1901327761675
NY-CMP-1371,Influencer,Youth,Facebook,English,"Tier 2 City Customers",2024-08-10,2024-08-10,20,21611,1891,719,531,146556,268.72,0.03,14.53,0.0875,0.142104706504495,0.2808,0.5060640301318268,545.3855314081571
NY-CMP-1372,"Paid Ads","Tier 2 City Customers",Email,Tamil,"College Students",2024-07-12,2024-07-12,12,73755,10119,5943,4200,924000,62.89,2.5,27.47,0.1372,0.006215041011957703,0.4151,0.014973809523809525,14692.31992367626
NY-CMP-1373,SEO,"College Students",Facebook,Tamil,"Tier 2 City Customers",2024-08-29,2024-08-29,22,52734,2586,1001,448,250432,630.36,-0.11,7.65,0.0490,0.24375870069605568,0.1732,1.4070535714285715,397.28409163017955
NY-CMP-1374,"Paid Ads","Tier 2 City Customers","WhatsApp, Facebook, Email",Hindi,"College Students",2025-05-12,2025-05-12,22,67943,7148,2106,762,240792,182.2,0.73,14.74,0.1052,0.02548964745383324,0.1066,0.23910761154855642,1321.5806805708014
NY-CMP-1375,"Social Media",Youth,Google,Tamil,"Working Women",2025-01-08,2025-01-08,16,28248,3144,1753,1370,432920,169.94,0.86,22.19,0.1113,0.05405216284987277,0.4358,0.12404379562043795,2547.487348475933
NY-CMP-1376,"Social Media","Working Women","YouTube, Email",Hindi,"Premium Shoppers",2024-08-26,2024-08-26,25,52545,7824,3318,1265,915860,206,2.51,23.61,0.1489,0.02632924335378323,0.1617,0.16284584980237155,4445.922330097087
NY-CMP-1377,Email,"College Students","Google, YouTube, Facebook",English,"Working Women",2024-10-31,2024-10-31,20,33707,769,312,169,37349,1758.21,-0.87,3.71,0.0228,2.2863589076723017,0.2198,10.403609467455622,21.242627444958224
NY-CMP-1378,Email,"Working Women","Email, Google",Tamil,"Working Women",2024-08-24,2024-08-24,9,72194,3949,835,504,228816,566.51,-0.2,7.32,0.0547,0.14345657128386932,0.1276,1.1240277777777778,403.90460892129
NY-CMP-1379,SEO,Youth,Facebook,English,"Tier 2 City Customers",2025-05-27,2025-05-27,29,29126,1390,827,496,171120,436,-0.21,9.31,0.0477,0.31366906474820144,0.3568,0.8790322580645161,392.4770642201835
NY-CMP-1380,Email,"College Students","Instagram, Google, Facebook",English,"Working Women",2025-04-07,2025-04-07,12,86192,2654,1375,633,128499,219.74,-0.08,5.41,0.0308,0.08279577995478524,0.2385,0.3471406003159558,584.7774642759625
NY-CMP-1381,SEO,"College Students","YouTube, Facebook",Tamil,Youth,2024-10-23,2024-10-23,15,48114,2735,907,655,145410,371.31,-0.4,8.93,0.0568,0.13576234003656307,0.2395,0.5668854961832062,391.61347660984086
NY-CMP-1382,"Social Media","Premium Shoppers",Google,Hindi,Youth,2025-04-02,2025-04-02,21,33986,3970,868,624,229008,250.07,0.47,16.07,0.1168,0.06298992443324937,0.1572,0.4007532051282051,915.7755828368057
NY-CMP-1383,Influencer,"College Students","Instagram, YouTube, Email",Tamil,"Premium Shoppers",2024-08-04,2024-08-04,19,34922,5140,2616,1936,1391984,120.61,4.96,27.75,0.1472,0.02346498054474708,0.3767,0.06229855371900826,11541.198905563386
NY-CMP-1384,"Paid Ads","Tier 2 City Customers","Facebook, Google",English,"Working Women",2025-04-02,2025-04-02,12,13130,1509,337,123,44034,1809.8,-0.8,15,0.1149,1.1993373094764745,0.0815,14.713821138211381,24.33086528898221
NY-CMP-1385,Email,Youth,"Google, Instagram, Email",Hindi,"Premium Shoppers",2024-11-21,2024-11-21,6,23913,3344,1678,504,402192,278.61,1.86,23.11,0.1398,0.08331638755980862,0.1507,0.552797619047619,1443.5662754387854
NY-CMP-1386,Email,"Premium Shoppers",YouTube,Bengali,"College Students",2025-06-01,2025-06-01,17,70235,2922,814,537,402750,525.54,0.43,6.08,0.0416,0.17985626283367556,0.1838,0.9786592178770949,766.3546066902614
NY-CMP-1387,Influencer,"Working Women","Email, Google",English,"Premium Shoppers",2024-08-27,2024-08-27,30,74461,10162,5778,2650,744650,42.13,5.67,24.97,0.1365,0.004145837433576068,0.2608,0.015898113207547172,17675.0534061239
NY-CMP-1388,Email,Youth,Instagram,Hindi,Youth,2024-07-13,2024-07-13,11,12332,1374,555,324,171720,825.27,-0.36,18.27,0.1114,0.6006331877729257,0.2358,2.5471296296296297,208.0773565015086
NY-CMP-1389,"Paid Ads","Premium Shoppers","Email, Google, Instagram",English,"Tier 2 City Customers",2024-11-02,2024-11-02,16,89327,10315,5580,3928,2564984,39.8,15.41,22.19,0.1155,0.0038584585555016962,0.3808,0.010132382892057026,64446.83417085428
NY-CMP-1390,"Social Media","Tier 2 City Customers","YouTube, Email, Google",Bengali,Youth,2025-05-08,2025-05-08,29,96704,3230,1644,620,422220,320.25,1.13,5.68,0.0334,0.09914860681114551,0.1920,0.5165322580645161,1318.407494145199
NY-CMP-1391,Influencer,"Tier 2 City Customers","Email, Instagram",Bengali,"Tier 2 City Customers",2025-03-16,2025-03-16,24,65974,5648,1902,1375,1080750,177.9,3.42,13.53,0.0856,0.03149787535410765,0.2434,0.12938181818181818,6075.04215851602
NY-CMP-1392,SEO,"Premium Shoppers","Email, Facebook",Tamil,"Working Women",2024-12-15,2024-12-15,22,44574,3188,1399,1032,605784,158.25,2.71,12.61,0.0715,0.04963927227101631,0.3237,0.15334302325581395,3828.0189573459716
NY-CMP-1393,SEO,"Working Women",WhatsApp,Hindi,"Tier 2 City Customers",2025-03-26,2025-03-26,11,45691,3129,688,245,140140,545.65,0.05,8.89,0.0685,0.17438478747203578,0.0783,2.227142857142857,256.83130211674154
NY-CMP-1394,SEO,Youth,Instagram,Bengali,"Tier 2 City Customers",2024-10-20,2024-10-20,16,65707,8903,4462,2592,1106784,112.54,2.79,24.29,0.1355,0.012640682915871055,0.2911,0.04341820987654321,9834.583259285588
NY-CMP-1395,"Social Media",Youth,Facebook,Bengali,"College Students",2025-03-15,2025-03-15,30,20062,754,285,126,62496,890.46,-0.44,5.81,0.0376,1.1809814323607428,0.1671,7.067142857142858,70.18394986860723
NY-CMP-1396,"Paid Ads","College Students","WhatsApp, YouTube",Hindi,Youth,2024-11-11,2024-11-11,13,90160,3455,726,553,425257,371.17,1.07,5.25,0.0383,0.10742981186685963,0.1601,0.6711934900542496,1145.7202898941187
NY-CMP-1397,Influencer,"College Students",Email,Bengali,"Tier 2 City Customers",2025-01-30,2025-01-30,24,65781,6523,2651,1787,1406369,73.97,9.64,16.66,0.0992,0.011339874290970412,0.2740,0.04139339675433688,19012.694335541437
NY-CMP-1398,"Paid Ads","Premium Shoppers",Instagram,Hindi,"College Students",2025-05-13,2025-05-13,27,83508,2887,1658,1254,423852,187.7,0.8,6.94,0.0346,0.06501558711465188,0.4344,0.1496810207336523,2258.1353223228557
NY-CMP-1399,"Paid Ads","College Students",YouTube,Hindi,"Premium Shoppers",2025-05-23,2025-05-23,21,55171,3549,1636,679,354438,367.93,0.42,10.63,0.0643,0.10367145674837983,0.1913,0.5418703976435936,963.3299812464327
NY-CMP-1400,Email,"Tier 2 City Customers","Google, YouTube",Bengali,Youth,2025-01-11,2025-01-11,30,53469,7952,4293,2420,513040,117.86,0.8,27.43,0.1487,0.014821428571428572,0.3043,0.048702479338842974,4352.961140335992
NY-CMP-1401,Influencer,"College Students","WhatsApp, Google",English,"Tier 2 City Customers",2024-11-26,2024-11-26,8,32614,2971,1153,905,429875,103.59,3.59,15.42,0.0911,0.03486704813194211,0.3046,0.11446408839779006,4149.773144125881
NY-CMP-1402,Influencer,"Working Women",WhatsApp,Tamil,Youth,2024-12-19,2024-12-19,14,90706,12246,4517,1532,978948,186.13,2.43,20.17,0.1350,0.015199248734280581,0.1251,0.12149477806788511,5259.485305968947
NY-CMP-1403,Email,"Premium Shoppers","YouTube, Google, Facebook",English,"College Students",2025-03-29,2025-03-29,6,93981,3391,734,220,167420,1273.49,-0.4,4.62,0.0361,0.375549985255087,0.0649,5.788590909090909,131.4655003180237
NY-CMP-1404,Email,Youth,Facebook,Hindi,"Premium Shoppers",2025-03-02,2025-03-02,6,23696,2153,431,286,117832,771.45,-0.47,12.11,0.0909,0.3583139804923363,0.1328,2.6973776223776227,152.74094238123016
NY-CMP-1405,Influencer,"College Students",YouTube,Bengali,"Working Women",2024-08-17,2024-08-17,27,18639,2793,1046,328,104960,574.48,-0.44,22.36,0.1498,0.2056856426781239,0.1174,1.7514634146341463,182.70435872441163
NY-CMP-1406,Influencer,"College Students",Google,Tamil,"Working Women",2025-03-01,2025-03-01,13,72563,6363,2663,1793,883949,93.98,4.25,14.91,0.0877,0.01476976269055477,0.2818,0.05241494701617401,9405.713981698233
NY-CMP-1407,Influencer,"College Students","Instagram, YouTube",Tamil,"Working Women",2025-02-01,2025-02-01,10,89562,9186,5437,1687,1003765,92.7,5.42,18.21,0.1026,0.010091443500979753,0.1836,0.054949614700652044,10828.101402373246
NY-CMP-1408,SEO,"College Students","Google, YouTube, Email",Bengali,"Premium Shoppers",2025-01-20,2025-01-20,7,58567,6039,2629,1494,1154862,61.85,11.5,17.35,0.1031,0.010241761881106143,0.2474,0.04139892904953146,18671.980598221504
NY-CMP-1409,"Paid Ads","Working Women",YouTube,English,"Tier 2 City Customers",2024-08-22,2024-08-22,19,31120,842,416,234,119574,256.5,0.99,4.79,0.0271,0.30463182897862234,0.2779,1.0961538461538463,466.17543859649123
NY-CMP-1410,SEO,"Tier 2 City Customers","YouTube, Facebook",Tamil,Youth,2025-01-04,2025-01-04,24,79473,5680,1196,456,132240,339.79,-0.15,9.23,0.0715,0.05982218309859155,0.0803,0.7451535087719299,389.18155331233993
NY-CMP-1411,"Paid Ads",Youth,"Facebook, Google, WhatsApp",English,"Working Women",2025-06-13,2025-06-13,12,74331,10130,5104,2574,620334,103.67,1.32,23.96,0.1363,0.01023395853899309,0.2541,0.040275835275835274,5983.736857335777
NY-CMP-1412,"Social Media","Working Women","Facebook, WhatsApp",English,"Tier 2 City Customers",2024-09-07,2024-09-07,15,34420,2100,1022,623,237986,166.82,1.29,10.88,0.0610,0.07943809523809524,0.2967,0.26776886035313,1426.6035247572233
NY-CMP-1413,"Paid Ads","College Students",Facebook,English,"College Students",2024-07-30,2024-07-30,24,67618,5854,3431,1329,675132,185.33,1.74,15.7,0.0866,0.03165869490946362,0.2270,0.13945071482317534,3642.8640802892137
NY-CMP-1414,Email,"College Students","YouTube, Google, WhatsApp",Hindi,Youth,2025-04-25,2025-04-25,13,95861,6343,2048,755,282370,217.03,0.72,9.54,0.0662,0.03421567081822482,0.1190,0.2874569536423841,1301.0643689812468
NY-CMP-1415,SEO,"Tier 2 City Customers",Google,English,"College Students",2025-04-08,2025-04-08,21,67485,6205,2643,1287,504504,191.62,1.05,15.02,0.0919,0.030881547139403706,0.2074,0.1488888888888889,2632.8358208955224
NY-CMP-1416,Influencer,"Working Women",Email,English,"Premium Shoppers",2024-10-18,2024-10-18,26,30146,2995,649,424,238288,544.83,0.03,13.49,0.0993,0.18191318864774625,0.1416,1.2849764150943397,437.3621129526641
NY-CMP-1417,Influencer,"Tier 2 City Customers","Google, YouTube, Instagram",Bengali,"Working Women",2025-01-24,2025-01-24,19,17577,2054,603,379,271743,566.28,0.27,17.27,0.1169,0.27569620253164556,0.1845,1.4941424802110816,479.8739139648231
NY-CMP-1418,SEO,Youth,Email,Bengali,"College Students",2024-12-13,2024-12-13,26,17728,1914,597,301,236285,433.32,0.81,15.86,0.1080,0.22639498432601882,0.1573,1.4396013289036544,545.2898550724638
NY-CMP-1419,"Social Media","Premium Shoppers","Google, Email, YouTube",Bengali,"Working Women",2024-10-07,2024-10-07,9,35537,5207,1283,736,429088,375.92,0.55,20.33,0.1465,0.07219512195121952,0.1413,0.5107608695652174,1141.4343477335603
NY-CMP-1420,"Social Media",Youth,"YouTube, Instagram",English,"Working Women",2025-05-06,2025-05-06,8,74670,8990,3078,1110,814740,194.21,2.78,17.65,0.1204,0.02160289210233593,0.1235,0.17496396396396396,4195.149580351166
NY-CMP-1421,"Social Media","Tier 2 City Customers","WhatsApp, Email, Instagram",Tamil,"Tier 2 City Customers",2024-12-27,2024-12-27,6,36915,1294,459,185,90095,641.31,-0.24,5.25,0.0351,0.4956027820710973,0.1430,3.46654054054054,140.48588046342644
NY-CMP-1422,SEO,"Premium Shoppers","WhatsApp, Google",Bengali,"Tier 2 City Customers",2025-01-28,2025-01-28,26,73236,5181,2964,2196,531432,91.2,1.65,14.12,0.0707,0.01760277938621888,0.4239,0.041530054644808745,5827.105263157894
NY-CMP-1423,"Social Media",Youth,Facebook,Tamil,Youth,2025-03-20,2025-03-20,23,50087,2197,481,293,211546,1013.95,-0.29,5.93,0.0439,0.46151570323167956,0.1334,3.4605802047781573,208.63553429656292
NY-CMP-1424,SEO,"College Students","Google, Facebook",Tamil,"College Students",2024-07-11,2024-07-11,17,25485,1757,966,714,157080,309.51,-0.29,13.49,0.0689,0.17615822424587366,0.4064,0.43348739495798316,507.51187360666864
NY-CMP-1425,"Social Media","College Students",WhatsApp,Hindi,"Working Women",2025-02-12,2025-02-12,13,54734,6239,2317,856,393760,178.28,1.58,17.2,0.1140,0.02857509216220548,0.1372,0.20827102803738318,2208.660533991474
NY-CMP-1426,Email,"Premium Shoppers","WhatsApp, Instagram, Facebook",Bengali,"Working Women",2024-12-14,2024-12-14,24,42150,2103,621,399,223440,144.45,2.88,7.41,0.0499,0.06868758915834522,0.1897,0.36203007518796987,1546.8328141225338
NY-CMP-1427,SEO,Youth,YouTube,Bengali,"College Students",2024-07-18,2024-07-18,28,88680,10868,5988,3497,2031757,74.77,6.77,22.95,0.1226,0.006879830695620169,0.3218,0.02138118387189019,27173.42517052294
NY-CMP-1428,SEO,Youth,"YouTube, Google",Tamil,"Working Women",2024-10-25,2024-10-25,20,89850,8418,1798,644,483000,387.47,0.94,12.09,0.0937,0.04602874792112141,0.0765,0.6016614906832298,1246.5481198544403
NY-CMP-1429,SEO,"College Students","Instagram, WhatsApp, Facebook",English,"College Students",2025-02-13,2025-02-13,18,66228,4227,1820,592,439856,378.33,0.96,10.02,0.0638,0.08950319375443577,0.1401,0.6390709459459459,1162.6252213675891
NY-CMP-1430,Email,"Tier 2 City Customers",Instagram,Hindi,"College Students",2024-10-15,2024-10-15,16,98317,5518,2432,1022,754236,75.06,8.83,9.13,0.0561,0.01360275462123958,0.1852,0.07344422700587085,10048.441247002398
NY-CMP-1431,Email,Youth,"WhatsApp, Facebook",Bengali,"Premium Shoppers",2025-04-04,2025-04-04,14,35182,1150,496,319,107503,201.44,0.67,5.59,0.0327,0.17516521739130433,0.2774,0.6314733542319749,533.6725575853852
NY-CMP-1432,"Social Media","Premium Shoppers","Instagram, Email, Google",Hindi,"College Students",2025-05-07,2025-05-07,25,65106,5206,1299,1032,646032,259.87,1.41,11.58,0.0800,0.04991740299654245,0.1982,0.251812015503876,2485.981452264594
NY-CMP-1433,Influencer,"Premium Shoppers","WhatsApp, Facebook",Hindi,"Working Women",2025-01-01,2025-01-01,8,48654,1895,988,652,150612,244.89,-0.06,7.27,0.0389,0.12922955145118734,0.3441,0.37559815950920244,615.0189881171138
NY-CMP-1434,SEO,"Premium Shoppers",YouTube,English,"Tier 2 City Customers",2024-09-12,2024-09-12,19,75413,7682,3846,1968,545136,102.4,1.71,17.9,0.1019,0.013329862015100235,0.2562,0.05203252032520325,5323.59375
NY-CMP-1435,SEO,Youth,"Facebook, Instagram",Bengali,Youth,2024-11-19,2024-11-19,8,99608,9218,2461,1686,959334,149.38,2.81,13.42,0.0925,0.01620525059665871,0.1829,0.08860023724792408,6422.104699424287
NY-CMP-1436,Influencer,"Working Women","Email, Facebook",English,"Tier 2 City Customers",2025-02-08,2025-02-08,14,77494,6410,3377,2123,458568,111.57,0.94,15.37,0.0827,0.017405616224648986,0.3312,0.05255299105040037,4110.137133638075
NY-CMP-1437,Email,"College Students","Instagram, WhatsApp",Hindi,"Tier 2 City Customers",2025-02-18,2025-02-18,6,44616,1267,390,218,150420,717.17,-0.04,4.2,0.0284,0.5660378847671665,0.1721,3.2897706422018347,209.7410655771993
NY-CMP-1438,"Social Media","Tier 2 City Customers","YouTube, Facebook",Bengali,Youth,2024-07-06,2024-07-06,26,47743,3255,659,345,82455,740.84,-0.68,8.92,0.0682,0.22760061443932414,0.1060,2.14736231884058,111.29933588899087
NY-CMP-1439,Influencer,"Tier 2 City Customers","YouTube, Facebook, Email",English,Youth,2024-11-29,2024-11-29,15,59911,5866,3132,1516,371420,114.62,1.14,17.55,0.0979,0.019539720422775315,0.2584,0.07560686015831135,3240.446693421741
NY-CMP-1440,Email,"Tier 2 City Customers","YouTube, Instagram",Hindi,"Working Women",2024-10-03,2024-10-03,12,43827,3031,1557,1108,823244,167.29,3.44,13,0.0692,0.055193005608709995,0.3656,0.15098375451263538,4921.059238448204
NY-CMP-1441,Email,"Working Women",Instagram,Hindi,"Tier 2 City Customers",2024-07-17,2024-07-17,27,62317,7992,2027,665,289940,429.68,0.01,17.14,0.1282,0.05376376376376377,0.0832,0.6461353383458647,674.7812325451499
NY-CMP-1442,Email,"Tier 2 City Customers","Email, Facebook",Hindi,"College Students",2025-02-20,2025-02-20,26,97630,10499,4274,2459,1168025,71.48,5.65,17.65,0.1075,0.006808267454043243,0.2342,0.0290687271248475,16340.584778959148
NY-CMP-1443,Influencer,"College Students",Google,English,"Tier 2 City Customers",2025-02-19,2025-02-19,11,33281,987,492,244,111996,634.62,-0.28,5.18,0.0297,0.6429787234042553,0.2472,2.6009016393442623,176.4772619835492
NY-CMP-1444,Email,Youth,Instagram,English,Youth,2024-12-13,2024-12-13,26,55074,3297,870,455,358995,371.42,1.12,8.39,0.0599,0.11265392781316348,0.1380,0.8163076923076923,966.5473049378062
NY-CMP-1445,Influencer,"Tier 2 City Customers","Instagram, YouTube, Facebook",Bengali,"Tier 2 City Customers",2024-10-11,2024-10-11,16,13451,510,107,41,30299,1889.8,-0.61,4.89,0.0379,3.7054901960784314,0.0804,46.09268292682927,16.032913535823898
NY-CMP-1446,"Social Media","Tier 2 City Customers","Instagram, WhatsApp",English,"Premium Shoppers",2025-03-15,2025-03-15,14,38029,4555,1850,693,257796,200.74,0.85,18.66,0.1198,0.044070252469813394,0.1521,0.2896681096681097,1284.2283550861812
NY-CMP-1447,Influencer,"Tier 2 City Customers","Email, WhatsApp",English,"Premium Shoppers",2024-09-14,2024-09-14,22,43133,3981,2317,1608,765408,134.62,2.54,18.33,0.0923,0.03381562421502135,0.4039,0.08371890547263681,5685.693061952162
NY-CMP-1448,SEO,"College Students","Instagram, Facebook",English,"Working Women",2025-06-16,2025-06-16,7,91656,11465,3839,2490,639930,44.05,4.83,19.41,0.1251,0.00384212821631051,0.2172,0.017690763052208833,14527.355278093077
NY-CMP-1449,"Social Media","Premium Shoppers","Google, YouTube, Facebook",Bengali,"Tier 2 City Customers",2024-12-30,2024-12-30,20,63539,5015,2021,1030,268830,177.09,0.47,12.69,0.0789,0.035312063808574275,0.2054,0.17193203883495145,1518.0416737252244
NY-CMP-1450,Email,"College Students",Facebook,Tamil,"College Students",2024-09-21,2024-09-21,11,56743,3871,1209,684,422712,284.8,1.17,10.16,0.0682,0.07357272022733144,0.1767,0.41637426900584795,1484.2415730337077
NY-CMP-1451,Email,"Premium Shoppers","Google, Facebook, Email",Tamil,"Tier 2 City Customers",2025-02-20,2025-02-20,16,55061,4238,1985,1216,262656,166.59,0.3,13.51,0.0770,0.03930863614912695,0.2869,0.1369983552631579,1576.6612641815234
NY-CMP-1452,Email,"Premium Shoppers","Facebook, WhatsApp",Hindi,"Premium Shoppers",2025-06-03,2025-06-03,10,86016,4359,2170,1442,695044,69.96,5.89,9.27,0.0507,0.016049552649690293,0.3308,0.04851595006934813,9934.877072612922
NY-CMP-1453,"Social Media","Working Women",WhatsApp,Bengali,Youth,2024-08-05,2024-08-05,20,77949,10177,2873,2249,521768,114.5,1.03,19.63,0.1306,0.011250859781861059,0.2210,0.05091151622943531,4556.9257641921395
NY-CMP-1454,"Social Media","College Students",Instagram,Bengali,"Premium Shoppers",2025-02-27,2025-02-27,29,51566,2421,1115,823,502030,185.78,2.28,8.45,0.0469,0.07673688558446923,0.3399,0.22573511543134872,2702.282269350845
NY-CMP-1455,SEO,Youth,"WhatsApp, Facebook",Tamil,"Premium Shoppers",2024-11-04,2024-11-04,13,87411,2847,688,546,288834,500.49,0.06,4.67,0.0326,0.17579557428872497,0.1918,0.9166483516483517,577.102439609183
NY-CMP-1456,Influencer,"Working Women","Instagram, WhatsApp",Hindi,Youth,2025-04-09,2025-04-09,30,84959,2279,775,522,138852,277.89,-0.04,4.21,0.0268,0.12193505923650723,0.2290,0.5323563218390804,499.6653352045774
NY-CMP-1457,Influencer,Youth,"Facebook, Email",Bengali,"Premium Shoppers",2025-03-09,2025-03-09,19,57286,5419,2536,1403,719739,122.31,3.19,16.34,0.0946,0.022570584978778372,0.2589,0.08717747683535282,5884.547461368653
NY-CMP-1458,"Paid Ads","Premium Shoppers","Google, WhatsApp, YouTube",English,Youth,2025-02-05,2025-02-05,15,57462,5755,2231,865,217115,326.18,-0.23,15.4,0.1002,0.05667767158992181,0.1503,0.37708670520231213,665.6294070758477
NY-CMP-1459,SEO,"Premium Shoppers",YouTube,English,"Working Women",2024-09-12,2024-09-12,15,60314,5613,3074,1302,580692,70.35,5.34,16.56,0.0931,0.012533404596472474,0.2320,0.05403225806451612,8254.328358208955
NY-CMP-1460,"Social Media",Youth,"Facebook, Google",English,"Working Women",2025-03-27,2025-03-27,13,49013,1536,738,297,79299,966.79,-0.72,5.25,0.0313,0.6294205729166666,0.1934,3.255185185185185,82.02298327454773
NY-CMP-1461,"Social Media","Tier 2 City Customers","Google, Email",Tamil,"Premium Shoppers",2024-10-27,2024-10-27,15,55826,7738,4204,1407,848421,196.37,2.07,23.91,0.1386,0.02537735849056604,0.1818,0.13956645344705046,4320.522483067678
NY-CMP-1462,"Paid Ads","College Students","WhatsApp, Facebook, Google",Bengali,Youth,2024-10-28,2024-10-28,20,54700,3084,1411,796,253924,224.61,0.42,9.67,0.0564,0.0728307392996109,0.2581,0.2821733668341709,1130.510662926851
NY-CMP-1463,SEO,"Working Women","YouTube, Instagram",Tamil,Youth,2024-07-18,2024-07-18,15,18866,2497,802,241,151348,294.83,1.13,18.76,0.1324,0.11807368842611132,0.0965,1.2233609958506224,513.3398907845199
NY-CMP-1464,"Social Media","Working Women",WhatsApp,Hindi,Youth,2024-11-26,2024-11-26,5,83424,12059,2555,1699,773045,79.18,4.75,19.55,0.1446,0.006566050252923128,0.1409,0.04660388463802237,9763.13462995706
NY-CMP-1465,SEO,"College Students",Email,English,"College Students",2024-09-23,2024-09-23,6,34396,2987,1473,1011,316443,232.16,0.35,15.91,0.0868,0.07772346836290593,0.3385,0.22963402571711178,1363.038421778084
NY-CMP-1466,Influencer,"Premium Shoppers",Facebook,Tamil,Youth,2025-01-11,2025-01-11,14,10438,1443,456,191,67805,747.9,-0.53,20.02,0.1382,0.5182952182952183,0.1324,3.9157068062827225,90.66051611177966
NY-CMP-1467,"Paid Ads","Tier 2 City Customers",Facebook,Bengali,Youth,2024-12-21,2024-12-21,23,35959,4867,2551,1653,1320747,110.5,6.23,25.23,0.1353,0.0227039243887405,0.3396,0.06684815486993345,11952.461538461539
NY-CMP-1468,"Paid Ads","College Students","Google, YouTube, Email",Hindi,"Working Women",2025-05-01,2025-05-01,29,84127,9388,5198,2595,2050050,35.25,21.41,20.42,0.1116,0.0037547933532168726,0.2764,0.013583815028901734,58157.44680851064
NY-CMP-1469,"Social Media","Tier 2 City Customers","Facebook, YouTube",English,"Working Women",2025-01-05,2025-01-05,10,33209,706,143,59,18172,3272.37,-0.91,2.73,0.0213,4.635084985835694,0.0836,55.46389830508475,5.553161775716071
NY-CMP-1470,Influencer,"Premium Shoppers","Facebook, Instagram, WhatsApp",Bengali,Youth,2024-07-04,2024-07-04,21,84823,5531,2706,2044,1105804,109.87,3.92,12.12,0.0652,0.019864400650876878,0.3696,0.053752446183953036,10064.658232456539
NY-CMP-1471,Email,Youth,"Instagram, YouTube, Email",English,"College Students",2025-02-16,2025-02-16,7,35839,1933,857,332,253648,635.76,0.2,8.71,0.0539,0.3288980858768753,0.1718,1.9149397590361446,398.9681640870769
NY-CMP-1472,Email,"Premium Shoppers",Facebook,Hindi,"Tier 2 City Customers",2024-11-17,2024-11-17,20,79003,3956,2169,1245,728325,237.64,1.46,9.33,0.0501,0.06007077856420626,0.3147,0.1908755020080321,3064.824945295405
NY-CMP-1473,Email,"Tier 2 City Customers","WhatsApp, YouTube, Google",Tamil,"Tier 2 City Customers",2024-07-18,2024-07-18,23,90331,3525,711,450,260100,510.46,0.13,5.19,0.0390,0.1448113475177305,0.1277,1.1343555555555556,509.54041452807274
NY-CMP-1474,"Social Media","Working Women",WhatsApp,English,"College Students",2024-10-10,2024-10-10,13,59563,6264,2158,1489,999119,173.1,2.88,16.64,0.1052,0.027634099616858237,0.2377,0.11625251846877098,5771.917966493356
NY-CMP-1475,SEO,"College Students",Google,English,"Tier 2 City Customers",2024-08-26,2024-08-26,17,70403,8732,2769,1288,696808,51.73,9.46,18.17,0.1240,0.0059241868987631695,0.1475,0.040163043478260864,13470.094722598107
NY-CMP-1476,Influencer,"Tier 2 City Customers",Facebook,English,"Tier 2 City Customers",2024-08-30,2024-08-30,14,59289,5210,1973,974,537648,303.3,0.82,13.76,0.0879,0.058214971209213054,0.1869,0.3113963039014374,1772.6607319485656
NY-CMP-1477,Influencer,"Working Women","WhatsApp, Google",Tamil,"Tier 2 City Customers",2024-08-31,2024-08-31,6,46331,5310,2151,665,331835,220.85,1.26,17.54,0.1146,0.04159133709981167,0.1252,0.33210526315789474,1502.5356576862123
NY-CMP-1478,Email,Youth,YouTube,Bengali,Youth,2025-01-26,2025-01-26,21,83897,11402,4086,2019,1205343,98.93,5.03,20.87,0.1359,0.008676547974039642,0.1771,0.04899950470529966,12183.796623875467
NY-CMP-1479,"Social Media","College Students","Facebook, Google",English,"College Students",2024-11-02,2024-11-02,30,55425,8082,3374,2630,810040,79.4,2.88,25.41,0.1458,0.009824300915614948,0.3254,0.030190114068441066,10202.015113350126
NY-CMP-1480,Influencer,"Tier 2 City Customers",Email,Bengali,"Tier 2 City Customers",2024-10-30,2024-10-30,12,56093,2914,1393,959,658833,170.15,3.04,9.39,0.0519,0.05839052848318463,0.3291,0.17742440041710114,3872.0717014399056
NY-CMP-1481,Email,Youth,"Facebook, Email, Google",Hindi,"College Students",2025-01-17,2025-01-17,16,16573,667,309,159,65826,957.37,-0.57,6.85,0.0402,1.435337331334333,0.2384,6.021194968553459,68.75711584862697
NY-CMP-1482,Influencer,"Tier 2 City Customers","YouTube, Facebook",English,"Premium Shoppers",2024-12-21,2024-12-21,16,84901,9507,4952,3318,1244250,63.59,4.9,20.94,0.1120,0.006688755653728832,0.3490,0.019165159734779988,19566.755779210565
NY-CMP-1483,SEO,"College Students","Instagram, WhatsApp, Google",Tamil,"Premium Shoppers",2024-11-19,2024-11-19,12,10277,1341,696,403,276055,300.38,1.28,23.74,0.1305,0.22399701715137957,0.3005,0.7453598014888337,919.0192422930954
NY-CMP-1484,"Social Media","Tier 2 City Customers","YouTube, Google, WhatsApp",Tamil,"Premium Shoppers",2025-05-15,2025-05-15,22,65909,1695,437,221,49946,702.58,-0.68,3.57,0.0257,0.4145014749262537,0.1304,3.1790950226244346,71.08941330524637
NY-CMP-1485,"Social Media","College Students",Facebook,Tamil,Youth,2024-08-30,2024-08-30,16,56834,1488,573,314,242722,606.38,0.27,4.18,0.0262,0.40751344086021507,0.2110,1.9311464968152867,400.28035225436196
NY-CMP-1486,SEO,"Tier 2 City Customers",Facebook,English,"Tier 2 City Customers",2024-12-06,2024-12-06,29,77535,1912,1065,363,172425,646.84,-0.27,4.31,0.0247,0.33830543933054397,0.1899,1.7819283746556476,266.5651474862408
NY-CMP-1487,"Paid Ads",Youth,"YouTube, Facebook",Bengali,"Premium Shoppers",2024-07-09,2024-07-09,8,48800,6107,2598,2044,1340864,53.9,11.17,22.03,0.1251,0.008825937448829212,0.3347,0.02636986301369863,24876.883116883117
NY-CMP-1488,"Social Media","Working Women","Instagram, WhatsApp, Email",English,"Working Women",2024-10-09,2024-10-09,24,53017,5349,2159,1377,765612,46.11,11.06,16.76,0.1009,0.008620302860347729,0.2574,0.03348583877995643,16604.033832140532
NY-CMP-1489,Influencer,"Premium Shoppers","Instagram, Email, WhatsApp",Hindi,"Premium Shoppers",2025-05-28,2025-05-28,26,55033,7427,3218,2395,1276535,102.65,4.19,23.69,0.1350,0.013821192944661371,0.3225,0.042860125260960336,12435.801266439355
NY-CMP-1490,"Paid Ads","Premium Shoppers",YouTube,English,"College Students",2024-08-15,2024-08-15,8,14262,828,417,209,92587,763.8,-0.42,10.19,0.0581,0.922463768115942,0.2524,3.6545454545454543,121.21890547263682
NY-CMP-1491,"Paid Ads","Tier 2 City Customers","Email, Facebook, YouTube",English,"Premium Shoppers",2024-12-23,2024-12-23,16,77344,2577,1126,878,530312,291.78,1.07,5.92,0.0333,0.11322467986030267,0.3407,0.33232346241457855,1817.5063403934473
NY-CMP-1492,Influencer,"Tier 2 City Customers",Google,English,Youth,2024-12-26,2024-12-26,11,13159,963,289,199,64277,1288.47,-0.75,11.03,0.0732,1.33797507788162,0.2066,6.474723618090453,49.88629925415415
NY-CMP-1493,SEO,"College Students","YouTube, Instagram",Hindi,"Premium Shoppers",2024-09-25,2024-09-25,9,18548,1272,652,347,242553,810.7,-0.14,12.24,0.0686,0.6373427672955975,0.2728,2.336311239193084,299.18958924386334
NY-CMP-1494,"Paid Ads","Tier 2 City Customers","YouTube, WhatsApp",Bengali,"Tier 2 City Customers",2024-09-27,2024-09-27,5,62883,1397,689,207,140967,1333.25,-0.49,3.65,0.0222,0.9543664996420902,0.1482,6.440821256038648,105.73185824114007
NY-CMP-1495,Email,"Working Women","Google, Instagram",English,"Working Women",2025-02-04,2025-02-04,23,36034,4612,1234,757,436789,355.82,0.62,18.32,0.1280,0.07715091066782306,0.1641,0.47003963011889033,1227.556067674667
NY-CMP-1496,Influencer,"Tier 2 City Customers","Facebook, YouTube",Hindi,"Working Women",2024-08-25,2024-08-25,30,10686,1001,570,373,105559,455.99,-0.38,18.19,0.0937,0.4555344655344655,0.3726,1.2224932975871314,231.49411171297615
NY-CMP-1497,"Social Media","Working Women","Instagram, Google",Bengali,Youth,2024-12-22,2024-12-22,9,45106,5228,1269,628,496120,382.33,1.07,15.8,0.1159,0.07313121652639633,0.1201,0.6088057324840764,1297.6224727329793
NY-CMP-1498,Influencer,"Tier 2 City Customers",YouTube,English,"Premium Shoppers",2025-02-06,2025-02-06,8,78751,8255,4369,1366,939808,163.17,3.22,17.76,0.1048,0.01976620230163537,0.1655,0.11945095168374815,5759.6862168290745
NY-CMP-1499,SEO,"Premium Shoppers",YouTube,English,Youth,2024-12-06,2024-12-06,25,76612,7253,2644,1281,787815,165.2,2.72,14.59,0.0947,0.02277678202123259,0.1766,0.12896174863387977,4768.85593220339
NY-CMP-1500,"Social Media","College Students",YouTube,English,"College Students",2025-02-01,2025-02-01,25,38552,2281,811,297,203445,918.9,-0.25,8.79,0.0592,0.4028496273564226,0.1302,3.0939393939393938,221.4005876591577
NY-CMP-1501,"Paid Ads","Premium Shoppers",Email,Bengali,Youth,2025-01-11,2025-01-11,16,62315,6675,1697,793,270413,184.66,0.85,14.71,0.1071,0.02766441947565543,0.1188,0.23286254728877678,1464.3831907289073
NY-CMP-1502,Email,"College Students","Facebook, Email",Bengali,Youth,2024-07-24,2024-07-24,16,58636,7234,4177,1925,490875,125.62,1.03,22.74,0.1234,0.01736521979541056,0.2661,0.06525714285714286,3907.618213660245
NY-CMP-1503,"Paid Ads","Premium Shoppers","Email, WhatsApp, Google",Bengali,"Working Women",2024-12-08,2024-12-08,19,91862,8677,1999,864,282528,70.72,3.62,12.56,0.0945,0.008150282355652875,0.0996,0.08185185185185186,3995.0226244343894
NY-CMP-1504,"Paid Ads","Tier 2 City Customers","Instagram, YouTube, WhatsApp",Hindi,"Tier 2 City Customers",2025-05-03,2025-05-03,11,41112,4064,2221,846,651420,144.28,4.34,17.35,0.0989,0.035501968503937005,0.2082,0.1705437352245863,4514.970889936235
NY-CMP-1505,Influencer,"Tier 2 City Customers","WhatsApp, Google",English,"Tier 2 City Customers",2024-08-12,2024-08-12,26,69910,6290,2067,1167,529818,147.8,2.07,13.62,0.0900,0.023497615262321147,0.1855,0.12664952870608398,3584.695534506089
NY-CMP-1506,Influencer,Youth,Google,Bengali,"Working Women",2025-02-02,2025-02-02,25,85304,6988,4106,1996,786424,44.22,7.91,15.35,0.0819,0.0063279908414424725,0.2856,0.02215430861723447,17784.350972410673
NY-CMP-1507,"Social Media","Tier 2 City Customers","Facebook, Email",English,"Working Women",2025-05-09,2025-05-09,5,88871,10815,4016,1562,838794,43.06,11.47,18.45,0.1217,0.003981507165973185,0.1444,0.027567221510883484,19479.656293543892
NY-CMP-1508,Email,"College Students","WhatsApp, Email",English,"Premium Shoppers",2024-08-11,2024-08-11,18,79759,9019,3322,2177,546427,65.12,2.85,18.2,0.1131,0.007220312673245371,0.2414,0.02991272393201654,8391.078009828008
NY-CMP-1509,Email,"College Students","WhatsApp, Facebook, Email",English,"Working Women",2025-05-12,2025-05-12,24,91498,9350,2665,1131,838071,185.84,2.99,14.37,0.1022,0.019875935828877006,0.1210,0.16431476569407605,4509.637322427895
NY-CMP-1510,Influencer,"Premium Shoppers",WhatsApp,Hindi,"Working Women",2024-11-03,2024-11-03,19,67510,6637,2477,1166,348634,198.61,0.51,15.23,0.0983,0.029924664758173875,0.1757,0.17033447684391081,1755.3698202507426
NY-CMP-1511,"Paid Ads","Premium Shoppers","Instagram, YouTube",Bengali,Youth,2025-05-29,2025-05-29,21,13085,1024,247,135,86940,1567.93,-0.59,10.75,0.0783,1.531181640625,0.1318,11.614296296296297,55.44890396892718
NY-CMP-1512,"Paid Ads","Working Women","WhatsApp, Email",Tamil,"College Students",2025-03-08,2025-03-08,19,23295,2139,735,409,176279,437.59,-0.02,14.09,0.0918,0.20457690509583917,0.1912,1.0699022004889975,402.8405585136772
NY-CMP-1513,Influencer,"Premium Shoppers",YouTube,Bengali,"Premium Shoppers",2025-02-06,2025-02-06,14,23047,2143,579,401,317191,132.11,4.99,13.55,0.0930,0.06164722351843211,0.1871,0.32945137157107235,2400.961320112028
NY-CMP-1514,SEO,"Working Women","WhatsApp, Google",English,"Premium Shoppers",2024-08-19,2024-08-19,17,23767,1176,677,420,190680,468.25,-0.03,9.56,0.0495,0.398171768707483,0.3571,1.1148809523809524,407.2183662573412
NY-CMP-1515,"Paid Ads","College Students","Email, Google, Facebook",English,"Tier 2 City Customers",2024-09-23,2024-09-23,20,44113,1686,978,325,177775,645.42,-0.15,6.78,0.0382,0.38281138790035585,0.1928,1.9859076923076922,275.4407982399058
NY-CMP-1516,Email,Youth,"WhatsApp, Instagram, Email",Hindi,"Working Women",2025-05-03,2025-05-03,29,18646,1102,646,474,298146,205.32,2.06,11.92,0.0591,0.1863157894736842,0.4301,0.4331645569620253,1452.104032729398
NY-CMP-1517,SEO,"College Students","Instagram, Email",Bengali,Youth,2024-12-02,2024-12-02,30,66817,6442,2521,1233,810081,42.3,14.53,15.26,0.0964,0.006566283762806581,0.1914,0.03430656934306569,19150.85106382979
NY-CMP-1518,"Social Media","Premium Shoppers","Instagram, Google",English,"Tier 2 City Customers",2025-04-09,2025-04-09,11,50992,7006,2690,1547,550732,101.06,2.52,22.05,0.1374,0.014424778761061947,0.2208,0.06532643826761474,5449.554719968335
NY-CMP-1519,Email,"Working Women","Instagram, YouTube, WhatsApp",Tamil,"College Students",2025-02-21,2025-02-21,21,13334,1484,680,509,312017,495.57,0.24,20.05,0.1113,0.3339420485175202,0.3430,0.973614931237721,629.6123655588515
NY-CMP-1520,Email,"College Students",Instagram,English,"College Students",2025-06-02,2025-06-02,7,64053,4410,1507,494,138320,395.62,-0.29,10.01,0.0688,0.08970975056689343,0.1120,0.8008502024291498,349.6284313229867
NY-CMP-1521,SEO,"Working Women","WhatsApp, Facebook",Hindi,"Tier 2 City Customers",2025-06-10,2025-06-10,8,23588,3455,1470,1134,825552,84,7.67,25.69,0.1465,0.02431259044862518,0.3282,0.07407407407407407,9828
NY-CMP-1522,"Paid Ads","Working Women",Facebook,Bengali,"Tier 2 City Customers",2025-02-25,2025-02-25,30,64241,4786,1674,855,520695,346.6,0.76,11.39,0.0745,0.07241955704137067,0.1786,0.40538011695906434,1502.2937103289094
NY-CMP-1523,"Paid Ads","Tier 2 City Customers","Email, WhatsApp",Bengali,Youth,2025-04-10,2025-04-10,8,28776,843,296,91,71890,1461.27,-0.46,4.27,0.0293,1.7334163701067615,0.1079,16.057912087912086,49.19693143635331
NY-CMP-1524,Email,"College Students","YouTube, Facebook, Instagram",Hindi,"Premium Shoppers",2025-02-12,2025-02-12,28,27043,682,285,205,88560,1436.24,-0.7,4.33,0.0252,2.105923753665689,0.3006,7.006048780487805,61.6610037319668
NY-CMP-1525,"Paid Ads",Youth,"Instagram, YouTube, Email",English,"Tier 2 City Customers",2024-10-14,2024-10-14,7,99902,7729,2601,1472,1093696,100.07,6.42,11.81,0.0774,0.012947341182559191,0.1905,0.06798233695652174,10929.309483361647
NY-CMP-1526,Email,"Tier 2 City Customers",Email,English,Youth,2025-03-19,2025-03-19,26,62552,8535,3324,1526,862190,104.55,4.4,21.4,0.1364,0.012249560632688927,0.1788,0.06851245085190039,8246.676231468196
NY-CMP-1527,"Paid Ads","Tier 2 City Customers","WhatsApp, YouTube, Email",Tamil,Youth,2025-03-23,2025-03-23,11,22932,3165,887,500,322500,275.59,1.34,19.85,0.1380,0.08707424960505529,0.1580,0.55118,1170.2166261475381
NY-CMP-1528,"Social Media","College Students","Facebook, Google, Instagram",Tamil,"Working Women",2024-09-10,2024-09-10,30,80131,8481,2695,2039,1578186,134.68,4.75,16.49,0.1058,0.015880202806272847,0.2404,0.06605198626777832,11718.042768042767
NY-CMP-1529,Influencer,Youth,"Google, Email",Bengali,Youth,2024-07-03,2024-07-03,13,27515,2074,927,387,224073,491.09,0.18,12.31,0.0754,0.23678399228543875,0.1866,1.2689664082687337,456.2768535299029
NY-CMP-1530,"Paid Ads","College Students","Google, Email",Tamil,"Premium Shoppers",2024-12-19,2024-12-19,16,72177,5889,3318,1138,326606,231.55,0.24,14.33,0.0816,0.039319069451519785,0.1932,0.20347100175746927,1410.520405959836
NY-CMP-1531,SEO,"Premium Shoppers","Email, Facebook",Tamil,"Premium Shoppers",2025-04-30,2025-04-30,14,49359,5231,2497,1585,698985,102.33,3.31,18.87,0.1060,0.019562225195947237,0.3030,0.06456151419558359,6830.694810905893
NY-CMP-1532,"Social Media","Tier 2 City Customers","Facebook, Email, WhatsApp",Hindi,"Tier 2 City Customers",2025-02-07,2025-02-07,8,36264,1232,617,307,171920,814.61,-0.31,5.95,0.0340,0.6612094155844156,0.2492,2.653452768729642,211.04577650654915
NY-CMP-1533,Influencer,Youth,"Facebook, Instagram, WhatsApp",Hindi,"Working Women",2024-08-18,2024-08-18,8,75756,8106,4666,2859,1032099,91.14,2.96,20.63,0.1070,0.011243523316062176,0.3527,0.031878279118572925,11324.32521395655
NY-CMP-1534,"Paid Ads","Tier 2 City Customers","YouTube, Facebook",Bengali,"College Students",2025-06-14,2025-06-14,13,66723,6284,1466,758,339584,219.06,1.05,12.75,0.0942,0.03485996180776575,0.1206,0.28899736147757255,1550.1871633342464
NY-CMP-1535,"Paid Ads","Tier 2 City Customers","Google, Facebook, Email",Bengali,"Tier 2 City Customers",2025-04-05,2025-04-05,28,26904,3794,1431,981,595467,69.16,7.78,23.07,0.1410,0.01822878228782288,0.2586,0.07049949031600407,8609.991324465009
NY-CMP-1536,Email,"Tier 2 City Customers",WhatsApp,English,"Tier 2 City Customers",2024-09-02,2024-09-02,12,14136,941,436,253,93863,976.89,-0.62,11.53,0.0666,1.0381402763018066,0.2689,3.861225296442688,96.08348944098107
NY-CMP-1537,"Social Media",Youth,"Facebook, Instagram",Tamil,"Premium Shoppers",2025-02-11,2025-02-11,25,67236,1455,316,118,27494,2229.88,-0.9,2.81,0.0216,1.5325635738831616,0.0811,18.89728813559322,12.329811469675498
NY-CMP-1538,"Paid Ads",Youth,Instagram,Hindi,"Premium Shoppers",2024-11-21,2024-11-21,22,89989,12191,7228,3410,2557500,77.97,8.62,25.37,0.1355,0.00639570174719055,0.2797,0.022865102639296187,32801.07733743748
NY-CMP-1539,"Social Media","Premium Shoppers",Google,English,"College Students",2025-05-16,2025-05-16,30,20485,1933,986,568,294224,439.57,0.18,17.02,0.0944,0.22740300051733056,0.2938,0.7738908450704225,669.3450417453421
NY-CMP-1540,"Paid Ads","Premium Shoppers","Email, WhatsApp",Hindi,"Premium Shoppers",2025-01-30,2025-01-30,9,76374,5429,2101,1129,462890,115.33,2.56,11.34,0.0711,0.021243322895560877,0.2080,0.10215234720992028,4013.6131102054974
NY-CMP-1541,"Social Media","Tier 2 City Customers","Instagram, Email",English,"College Students",2024-10-10,2024-10-10,27,44746,3058,954,322,74060,486.3,-0.53,9.69,0.0683,0.1590255068672335,0.1053,1.5102484472049689,152.2928233600658
NY-CMP-1542,"Social Media","College Students","Instagram, Google, Email",English,"Tier 2 City Customers",2024-09-28,2024-09-28,25,92675,11345,5576,3741,1866759,23.75,20.01,22.3,0.1224,0.002093433230498017,0.3297,0.0063485699010959636,78600.37894736842
NY-CMP-1543,SEO,Youth,Instagram,Tamil,"Tier 2 City Customers",2025-04-04,2025-04-04,17,77138,5782,2843,2168,1723560,61.01,12.03,13.99,0.0750,0.010551712210307852,0.3750,0.028141143911439112,28250.45074577938
NY-CMP-1544,"Paid Ads",Youth,Facebook,English,"Working Women",2024-10-31,2024-10-31,20,38242,4621,1786,941,551426,270.55,1.17,19.21,0.1208,0.05854793334776023,0.2036,0.2875132837407014,2038.1666974681204
NY-CMP-1545,Email,"Premium Shoppers","WhatsApp, Facebook, Google",Bengali,Youth,2024-12-08,2024-12-08,28,84181,11704,5912,3869,1717836,56.09,6.92,25.52,0.1390,0.004792378673957621,0.3306,0.01449728612044456,30626.42182207167
NY-CMP-1546,"Social Media","Working Women",Google,English,Youth,2025-01-27,2025-01-27,25,58196,6729,1746,695,244640,74.91,3.7,15.76,0.1156,0.011132411948283549,0.1033,0.1077841726618705,3265.7856093979444
NY-CMP-1547,Influencer,"College Students","Instagram, WhatsApp, Facebook",English,"Working Women",2025-04-29,2025-04-29,17,62402,3778,1907,1333,1047738,47.26,15.63,11.25,0.0605,0.01250926416093171,0.3528,0.035453863465866466,22169.65721540415
NY-CMP-1548,"Social Media","Tier 2 City Customers","WhatsApp, Google, Facebook",Tamil,"Tier 2 City Customers",2025-04-03,2025-04-03,12,90033,8177,1670,535,224700,369.04,0.14,11.53,0.0908,0.0451314663079369,0.0654,0.6897943925233645,608.8770864946889
NY-CMP-1549,"Social Media",Youth,"Email, Facebook, Google",Bengali,"Working Women",2024-12-26,2024-12-26,19,20283,857,431,237,102147,1097.75,-0.61,7.52,0.0423,1.2809218203033839,0.2765,4.631856540084388,93.05124117513095
NY-CMP-1550,"Social Media","Tier 2 City Customers",Instagram,English,"Working Women",2025-04-22,2025-04-22,15,74761,4170,1180,398,113032,315.5,-0.1,7.69,0.0558,0.07565947242206235,0.0954,0.792713567839196,358.2630744849445
NY-CMP-1551,Influencer,"College Students","Facebook, WhatsApp, Email",Tamil,"College Students",2025-02-09,2025-02-09,5,12307,1001,520,402,209442,369.93,0.41,15.63,0.0813,0.36956043956043955,0.4016,0.920223880597015,566.1665720541724
NY-CMP-1552,"Social Media",Youth,"Google, YouTube, WhatsApp",Tamil,"Tier 2 City Customers",2025-01-28,2025-01-28,16,91281,7431,4043,1516,422964,83.62,2.34,14.23,0.0814,0.011252859642040102,0.2040,0.055158311345646444,5058.16790241569
NY-CMP-1553,Influencer,"College Students","Google, Instagram, Email",Tamil,"College Students",2025-05-11,2025-05-11,11,13120,960,486,190,59850,1407.93,-0.78,12.47,0.0732,1.4665937500000001,0.1979,7.410157894736843,42.5092156570284
NY-CMP-1554,Email,"College Students",Google,Tamil,"Tier 2 City Customers",2024-10-23,2024-10-23,16,86056,6329,1300,684,508896,146.14,4.09,9.66,0.0735,0.02309053562964133,0.1081,0.2136549707602339,3482.2498973586976
NY-CMP-1555,SEO,"Tier 2 City Customers",Facebook,Tamil,"Premium Shoppers",2025-03-15,2025-03-15,18,67155,8772,4070,2839,1493314,18.47,27.48,23.35,0.1306,0.002105563155494756,0.3236,0.0065058119056005635,80850.78505684895
NY-CMP-1556,"Paid Ads","College Students","Facebook, Email",Bengali,"Tier 2 City Customers",2024-07-07,2024-07-07,22,40686,4308,2146,744,248496,367.27,-0.09,17.69,0.1059,0.08525301764159703,0.1727,0.4936424731182795,676.6030440820106
NY-CMP-1557,"Paid Ads",Youth,"Google, WhatsApp",English,"Working Women",2025-02-27,2025-02-27,24,38003,5637,1820,644,180320,85.7,2.27,21.32,0.1483,0.015203122228135534,0.1142,0.13307453416149068,2104.084014002334
NY-CMP-1558,Influencer,"Working Women",Email,Bengali,"Working Women",2025-05-09,2025-05-09,9,18838,1199,622,231,181335,970.11,-0.19,10.89,0.0636,0.8090992493744787,0.1927,4.19961038961039,186.92210161734235
NY-CMP-1559,SEO,"Tier 2 City Customers",Instagram,Hindi,"Premium Shoppers",2024-12-06,2024-12-06,18,99786,6470,2836,1527,833742,53.69,9.17,10.86,0.0648,0.008298299845440494,0.2360,0.03516044531761624,15528.813559322034
NY-CMP-1560,"Paid Ads","Premium Shoppers",Instagram,Tamil,"Premium Shoppers",2025-04-24,2025-04-24,20,54653,6191,1322,893,390241,281.85,0.55,15.38,0.1133,0.04552576320465192,0.1442,0.31562150055991045,1384.5698066347347
NY-CMP-1561,Email,"Tier 2 City Customers","Instagram, Facebook, WhatsApp",Hindi,"Tier 2 City Customers",2024-11-13,2024-11-13,13,46810,2463,932,390,234000,707.52,-0.15,8.09,0.0526,0.28725943970767354,0.1583,1.814153846153846,330.7327001356852
NY-CMP-1562,Email,"Working Women","Google, WhatsApp",English,"Premium Shoppers",2025-05-14,2025-05-14,13,23081,715,245,179,97197,355.68,0.53,4.93,0.0310,0.4974545454545455,0.2503,1.9870391061452515,273.2709176788124
NY-CMP-1563,Influencer,"Premium Shoppers",Instagram,Bengali,Youth,2025-06-10,2025-06-10,9,81227,4092,1364,882,455994,225.45,1.29,7.8,0.0504,0.05509530791788856,0.2155,0.2556122448979592,2022.5948103792416
NY-CMP-1564,"Social Media","College Students","YouTube, Email, WhatsApp",Bengali,"Premium Shoppers",2025-03-30,2025-03-30,30,73049,8024,3561,1099,231889,183.84,0.15,17.36,0.1098,0.022911266201395813,0.1370,0.1672793448589627,1261.363141862489
NY-CMP-1565,"Paid Ads","Working Women","WhatsApp, Google",English,"Premium Shoppers",2024-08-28,2024-08-28,30,95418,2414,675,241,143877,333.14,0.79,3.49,0.0253,0.138003314001657,0.0998,1.382323651452282,431.8814912649337
NY-CMP-1566,Email,Youth,"YouTube, Email",Bengali,"Premium Shoppers",2025-04-27,2025-04-27,16,12408,1131,666,225,65475,1261.18,-0.77,16.3,0.0912,1.1151016799292661,0.1989,5.605244444444445,51.915666280784656
NY-CMP-1567,"Paid Ads",Youth,Email,Tamil,"Tier 2 City Customers",2024-07-19,2024-07-19,30,68517,5282,2254,1364,1068012,82.95,8.44,12.99,0.0771,0.015704278682317305,0.2582,0.060813782991202346,12875.370705244122
NY-CMP-1568,"Paid Ads","Tier 2 City Customers","YouTube, Google, Facebook",English,"Tier 2 City Customers",2024-09-06,2024-09-06,25,33673,2583,953,561,437019,474.66,0.64,12.17,0.0767,0.1837630662020906,0.2172,0.8460962566844921,920.6990266717229
NY-CMP-1569,Influencer,"Premium Shoppers",Instagram,English,"Tier 2 City Customers",2025-01-30,2025-01-30,28,57159,8510,4235,2413,1498473,38.26,15.23,26.52,0.1489,0.004495887191539366,0.2835,0.01585578118524658,39165.525352848934
NY-CMP-1570,Email,"College Students","WhatsApp, Google",Hindi,Youth,2025-02-01,2025-02-01,21,49927,6339,1846,833,495635,359.88,0.65,18.06,0.1270,0.05677236157122575,0.1314,0.4320288115246098,1377.2229632099588
NY-CMP-1571,"Paid Ads","College Students","WhatsApp, Facebook",English,Youth,2024-12-11,2024-12-11,13,39327,5389,2425,1791,612522,67,4.1,24.42,0.1370,0.012432733345704213,0.3323,0.03740926856504746,9142.119402985074
NY-CMP-1572,"Social Media","College Students","WhatsApp, Instagram, YouTube",Bengali,"College Students",2024-10-15,2024-10-15,16,48822,5085,1915,704,368896,106.07,3.94,15.78,0.1042,0.02085939036381514,0.1384,0.15066761363636363,3477.8542471952487
NY-CMP-1573,Email,"Working Women","Instagram, WhatsApp, Google",English,"College Students",2024-10-06,2024-10-06,25,49394,1334,796,249,112299,1085.71,-0.58,4.82,0.0270,0.8138755622188906,0.1867,4.360281124497992,103.43369776459643
NY-CMP-1574,"Social Media","Tier 2 City Customers",Instagram,Tamil,"Premium Shoppers",2024-09-14,2024-09-14,27,18187,2014,425,315,172620,624.46,-0.12,15.14,0.1107,0.3100595829195631,0.1564,1.9824126984126986,276.4308362425135
NY-CMP-1575,"Social Media",Youth,"YouTube, Instagram, WhatsApp",Tamil,"Premium Shoppers",2024-10-24,2024-10-24,21,66984,7265,1925,881,526838,167.79,2.56,15.03,0.1085,0.0230956641431521,0.1213,0.19045402951191825,3139.865307825258
NY-CMP-1576,"Paid Ads","Working Women",YouTube,Hindi,"Tier 2 City Customers",2024-07-07,2024-07-07,5,67967,2051,499,261,71253,1086.35,-0.75,4.14,0.0302,0.5296684544124817,0.1273,4.162260536398467,65.58935886224513
NY-CMP-1577,Influencer,"College Students","Instagram, YouTube, Facebook",Tamil,"Working Women",2024-11-25,2024-11-25,22,75430,6805,1555,937,476933,118.18,3.31,12.33,0.0902,0.017366642174871418,0.1377,0.12612593383137674,4035.649009984769
NY-CMP-1578,Email,"Tier 2 City Customers",WhatsApp,Hindi,"Working Women",2025-06-17,2025-06-17,8,87567,5885,2970,1255,340105,182.97,0.48,11.55,0.0672,0.03109090909090909,0.2133,0.14579282868525897,1858.8019893971689
NY-CMP-1579,SEO,"College Students","YouTube, Instagram, Google",Bengali,"Premium Shoppers",2024-12-16,2024-12-16,23,18301,2304,978,496,155248,156.44,1,20.64,0.1259,0.06789930555555555,0.2153,0.3154032258064516,992.3804653541293
NY-CMP-1580,"Social Media","Tier 2 City Customers","YouTube, Facebook",Bengali,"College Students",2025-04-01,2025-04-01,13,71103,6162,2703,1826,381634,61.88,2.38,15.04,0.0867,0.010042194092827004,0.2963,0.03388828039430449,6167.32385261797
NY-CMP-1581,SEO,"Working Women","Email, Google",Hindi,"College Students",2025-05-12,2025-05-12,20,93876,7120,2417,841,374245,101.24,3.4,11.06,0.0758,0.014219101123595505,0.1181,0.12038049940546967,3696.6120110628212
NY-CMP-1582,Influencer,"Tier 2 City Customers",Google,English,Youth,2024-11-24,2024-11-24,23,36680,3456,1074,668,363392,314.95,0.73,14.17,0.0942,0.09113136574074074,0.1933,0.4714820359281437,1153.80854103826
NY-CMP-1583,Influencer,Youth,"Facebook, Email",Hindi,"Premium Shoppers",2025-03-04,2025-03-04,13,56090,6965,2529,1823,616174,41.69,7.11,20.18,0.1242,0.005985642498205312,0.2617,0.022868897421832145,14779.899256416407
NY-CMP-1584,"Social Media","Premium Shoppers",YouTube,Tamil,Youth,2025-04-18,2025-04-18,6,45661,2686,1215,427,286944,670.88,0,9.48,0.0588,0.24976917349218167,0.1590,1.5711475409836066,427.7128547579299
NY-CMP-1585,Email,"Premium Shoppers","Google, WhatsApp",Bengali,"College Students",2025-03-20,2025-03-20,21,73006,2614,1454,448,129024,289.5,-0.01,6.19,0.0358,0.11074980872226473,0.1714,0.6462053571428571,445.67875647668393
NY-CMP-1586,Influencer,"Premium Shoppers",YouTube,English,"College Students",2025-03-27,2025-03-27,11,55924,4009,1866,1383,358197,157.51,0.64,12.98,0.0717,0.03928909952606635,0.3450,0.11389009399855386,2274.1222779506065
NY-CMP-1587,SEO,"College Students",YouTube,Bengali,Youth,2025-01-23,2025-01-23,14,63107,7782,4510,2867,903105,24.43,11.89,24.02,0.1233,0.003139295810845541,0.3684,0.008521102197418905,36967.04871060172
NY-CMP-1588,Email,Youth,"Email, YouTube, Google",Bengali,"Premium Shoppers",2025-01-06,2025-01-06,20,40028,2124,799,525,139125,402.61,-0.34,8.61,0.0531,0.1895527306967985,0.2472,0.7668761904761905,345.55773577407416
NY-CMP-1589,"Social Media",Youth,Google,Hindi,"Tier 2 City Customers",2025-02-18,2025-02-18,12,50174,4443,982,309,119274,259.6,0.49,11.43,0.0886,0.058428989421562015,0.0695,0.8401294498381878,459.4530046224961
NY-CMP-1590,SEO,Youth,"WhatsApp, YouTube",Tamil,"Premium Shoppers",2024-11-15,2024-11-15,20,93799,8426,2398,1558,1182522,104.6,6.26,13.2,0.0898,0.012413956800379777,0.1849,0.06713735558408215,11305.181644359465
NY-CMP-1591,"Social Media",Youth,"Facebook, Email",Bengali,"Working Women",2024-12-27,2024-12-27,14,42077,2578,637,385,93170,594.77,-0.59,8.56,0.0613,0.23070985259891388,0.1493,1.5448571428571427,156.64878860736084
NY-CMP-1592,SEO,"College Students",Google,English,"College Students",2025-04-13,2025-04-13,13,18041,2685,1271,484,352836,426.56,0.71,24.61,0.1488,0.15886778398510243,0.1803,0.8813223140495868,827.1661665416354
NY-CMP-1593,"Paid Ads","Premium Shoppers","Google, Facebook, Instagram",Hindi,"College Students",2024-08-02,2024-08-02,14,90179,6790,2735,889,640080,294.29,1.45,11.55,0.0753,0.04334167893961709,0.1309,0.3310348706411699,2174.9974514934247
NY-CMP-1594,"Social Media","Premium Shoppers","YouTube, Google",Bengali,"College Students",2024-12-13,2024-12-13,15,56466,6515,1793,1329,611340,122.9,2.74,17.07,0.1154,0.018864159631619342,0.2040,0.09247554552294959,4974.288039056143
NY-CMP-1595,SEO,Youth,Email,Hindi,"Working Women",2024-07-24,2024-07-24,27,30918,3999,1289,914,521894,252.63,1.26,20.06,0.1293,0.06317329332333083,0.2286,0.2764004376367615,2065.8433281874677
NY-CMP-1596,"Social Media","College Students","Instagram, Email",Hindi,Youth,2024-07-10,2024-07-10,7,19521,1077,264,193,64269,311.68,0.07,7.86,0.0552,0.28939647168059424,0.1792,1.614922279792746,206.20187371663243
NY-CMP-1597,"Paid Ads","Tier 2 City Customers",WhatsApp,Bengali,"Working Women",2024-12-05,2024-12-05,30,68661,7281,2943,1269,378162,228.49,0.3,16.74,0.1060,0.031381678340887245,0.1743,0.18005516154452325,1655.0483609785986
NY-CMP-1598,"Social Media","Premium Shoppers",Google,Bengali,"Tier 2 City Customers",2024-11-12,2024-11-12,23,30351,2333,1371,965,416880,234.82,0.84,15.38,0.0769,0.10065152164594941,0.4136,0.24333678756476684,1775.3172642875395
NY-CMP-1599,Influencer,Youth,YouTube,Tamil,"Working Women",2024-07-14,2024-07-14,24,58535,6405,1542,1078,527142,68.17,6.17,15.42,0.1094,0.010643247462919595,0.1683,0.06323747680890539,7732.756344433034
NY-CMP-1600,Influencer,"Tier 2 City Customers",Instagram,English,"College Students",2025-03-18,2025-03-18,29,80933,7272,2170,1343,589577,205.53,1.14,13.33,0.0899,0.028263201320132013,0.1847,0.1530379746835443,2868.569065343259
NY-CMP-1601,SEO,"Premium Shoppers","Facebook, Email, YouTube",Hindi,Youth,2024-10-09,2024-10-09,20,10156,1063,366,135,77085,986.93,-0.42,15.4,0.1047,0.9284383819379115,0.1270,7.3105925925925925,78.1058433728836
NY-CMP-1602,SEO,"Working Women","Email, Google",Hindi,"College Students",2024-12-07,2024-12-07,6,49801,4739,2658,2077,1634599,73.87,9.65,19.02,0.0952,0.015587676725047479,0.4383,0.035565719788155994,22128.049275754704
NY-CMP-1603,"Paid Ads","Working Women","Email, Instagram, Google",Tamil,"College Students",2025-02-10,2025-02-10,22,75807,7530,2753,861,543291,110.79,4.7,14.7,0.0993,0.014713147410358566,0.1143,0.1286759581881533,4903.790955862442
NY-CMP-1604,"Social Media",Youth,"YouTube, Google",Hindi,"Tier 2 City Customers",2024-07-31,2024-07-31,21,68993,8964,1867,644,206724,187.4,0.71,16.63,0.1299,0.020905845604640785,0.0718,0.2909937888198758,1103.1163287086447
NY-CMP-1605,"Paid Ads","Premium Shoppers","WhatsApp, Email, YouTube",Tamil,"College Students",2025-05-16,2025-05-16,28,29349,2702,626,447,140358,647.65,-0.52,12.86,0.0921,0.23969282013323465,0.1654,1.4488814317673377,216.71890681695362
NY-CMP-1606,Influencer,"Premium Shoppers",Instagram,English,"Tier 2 City Customers",2024-09-23,2024-09-23,13,21703,2104,1000,735,521850,318.87,1.23,17.69,0.0969,0.1515541825095057,0.3493,0.43383673469387757,1636.5603537491768
NY-CMP-1607,Email,Youth,"YouTube, Google, Instagram",English,"Working Women",2025-05-27,2025-05-27,13,32464,1151,248,127,101473,1072.4,-0.25,4.7,0.0355,0.931711555169418,0.1103,8.444094488188977,94.62234240954866
NY-CMP-1608,"Social Media","Tier 2 City Customers","YouTube, Google",Hindi,"College Students",2024-07-28,2024-07-28,11,97381,11785,5850,3898,865356,18.2,11.2,22.11,0.1210,0.0015443360203648705,0.3308,0.004669061056952283,47547.03296703297
NY-CMP-1609,SEO,"Tier 2 City Customers","YouTube, Facebook, Instagram",English,"Tier 2 City Customers",2025-01-04,2025-01-04,22,18542,1212,270,146,113004,1405.86,-0.45,8.78,0.0654,1.1599504950495048,0.1205,9.62917808219178,80.38069224531604
NY-CMP-1610,Influencer,"Tier 2 City Customers","WhatsApp, Email, YouTube",Tamil,"Working Women",2025-04-10,2025-04-10,23,60556,4939,2529,1055,704740,222.49,2,14.07,0.0816,0.04504758048187892,0.2136,0.21089099526066352,3167.5131466582766
NY-CMP-1611,"Social Media","Tier 2 City Customers",YouTube,Hindi,Youth,2025-06-01,2025-06-01,21,51489,3383,1396,556,363068,144.92,3.51,10.36,0.0657,0.04283771800177357,0.1644,0.2606474820143885,2505.29947557273
NY-CMP-1612,Influencer,"Tier 2 City Customers","YouTube, Facebook, Instagram",Tamil,"Premium Shoppers",2024-10-31,2024-10-31,27,81702,11902,4609,1890,1357020,37.17,18.31,22.52,0.1457,0.0031230045370525964,0.1588,0.01966666666666667,36508.47457627118
NY-CMP-1613,Influencer,Youth,"Facebook, WhatsApp, YouTube",English,"Tier 2 City Customers",2025-05-22,2025-05-22,29,93208,3010,1450,929,544394,219.74,1.67,5.78,0.0323,0.07300332225913622,0.3086,0.23653390742734123,2477.4460726312914
NY-CMP-1614,Email,"Tier 2 City Customers","WhatsApp, Facebook, Email",Bengali,"Premium Shoppers",2025-01-27,2025-01-27,9,52100,4531,2559,1318,728854,178.34,2.1,16.14,0.0870,0.03935996468770691,0.2909,0.13531107738998482,4086.8789951777503
NY-CMP-1615,"Social Media",Youth,"WhatsApp, Google, YouTube",Hindi,"Tier 2 City Customers",2024-07-22,2024-07-22,12,78994,2075,428,337,189394,414.45,0.36,3.6,0.0263,0.19973493975903614,0.1624,1.2298219584569732,456.9767161298106
NY-CMP-1616,Influencer,"Tier 2 City Customers","Google, Facebook",Hindi,Youth,2025-02-19,2025-02-19,18,18542,1091,620,296,61568,691.12,-0.7,10.82,0.0588,0.633473877176902,0.2713,2.3348648648648647,89.0843847667554
NY-CMP-1617,Influencer,"College Students","Facebook, Google, Email",Hindi,Youth,2025-01-25,2025-01-25,8,14943,2137,820,383,275377,264.83,1.71,22.35,0.1430,0.12392606457650912,0.1792,0.6914621409921671,1039.825548465053
NY-CMP-1618,"Paid Ads","Premium Shoppers","Email, Instagram",Tamil,Youth,2024-09-10,2024-09-10,27,38344,3288,835,318,98898,218.25,0.43,11.58,0.0858,0.06637773722627738,0.0967,0.6863207547169812,453.1408934707904
NY-CMP-1619,SEO,"College Students","WhatsApp, Instagram, Facebook",Hindi,"Tier 2 City Customers",2025-06-18,2025-06-18,5,15352,437,110,83,58598,2435.64,-0.71,4.1,0.0285,5.573546910755148,0.1899,29.345060240963853,24.058563662938695
NY-CMP-1620,SEO,"Premium Shoppers","Facebook, WhatsApp, Google",Tamil,"Working Women",2024-10-23,2024-10-23,24,85695,8615,2294,1431,781326,168.06,2.25,14.4,0.1005,0.019507835171213,0.1661,0.11744234800838575,4649.089610853267
NY-CMP-1621,Email,"College Students","Facebook, Google, WhatsApp",Bengali,"Tier 2 City Customers",2024-10-20,2024-10-20,22,48413,1449,737,563,216192,530.53,-0.28,5.68,0.0299,0.36613526570048305,0.3885,0.9423268206039076,407.50193203023395
NY-CMP-1622,SEO,"College Students","Google, Instagram, Email",Hindi,Youth,2025-02-17,2025-02-17,20,48751,1616,958,400,124400,689.3,-0.55,6.1,0.0331,0.42654702970297026,0.2475,1.72325,180.47294356593648
NY-CMP-1623,Email,"Tier 2 City Customers","Instagram, WhatsApp",Bengali,"Tier 2 City Customers",2025-01-31,2025-01-31,24,62190,3493,1037,478,141966,508.98,-0.42,8.05,0.0562,0.1457142857142857,0.1368,1.0648117154811716,278.92255098432156
NY-CMP-1624,"Paid Ads","Working Women",WhatsApp,Bengali,"College Students",2024-07-20,2024-07-20,8,26992,3409,1450,1063,835518,133.32,4.9,21.94,0.1263,0.03910824288647697,0.3118,0.12541862652869237,6267.011701170118
NY-CMP-1625,Email,"Working Women",Email,Tamil,"Premium Shoppers",2025-03-25,2025-03-25,30,52230,7402,3153,1848,992376,92.87,4.78,23.75,0.1417,0.01254660902458795,0.2497,0.05025432900432901,10685.646602778077
NY-CMP-1626,SEO,"Tier 2 City Customers",Google,Tamil,Youth,2025-05-20,2025-05-20,29,95258,5510,1424,919,477880,202.32,1.57,8.24,0.0578,0.03671869328493648,0.1668,0.22015233949945592,2362.000790826414
NY-CMP-1627,SEO,"College Students","Google, YouTube, Instagram",Bengali,Youth,2024-07-16,2024-07-16,14,69728,3647,1821,573,377607,438.13,0.5,8.66,0.0523,0.12013435700575816,0.1571,0.7646247818499128,861.8606349713556
NY-CMP-1628,Email,"Premium Shoppers","YouTube, WhatsApp, Email",English,Youth,2025-02-26,2025-02-26,6,75400,3232,1293,466,298706,493.82,0.3,6.62,0.0429,0.15279084158415843,0.1442,1.0596995708154506,604.8884208821028
NY-CMP-1629,Email,"Premium Shoppers","Email, YouTube",Hindi,"College Students",2024-07-25,2024-07-25,20,22650,3381,1566,1193,496288,140.37,1.96,27.11,0.1493,0.04151730257320319,0.3529,0.11766135792120705,3535.5702785495473
NY-CMP-1630,"Paid Ads",Youth,"WhatsApp, YouTube",English,"College Students",2024-10-20,2024-10-20,21,68355,8407,2973,1837,657646,100.34,2.57,19.34,0.1230,0.011935292018555966,0.2185,0.054621665759390314,6554.175802272274
NY-CMP-1631,Influencer,"Tier 2 City Customers",WhatsApp,Hindi,"Working Women",2024-08-04,2024-08-04,28,93185,8635,1901,1156,618460,155.71,2.44,12.55,0.0927,0.018032426172553562,0.1339,0.13469723183391005,3971.870785434461
NY-CMP-1632,Email,"Premium Shoppers",Email,Bengali,"Premium Shoppers",2025-02-18,2025-02-18,10,24909,3533,913,726,204006,337.71,-0.17,20.76,0.1418,0.0955873195584489,0.2055,0.4651652892561983,604.0863462734299
NY-CMP-1633,Influencer,"Premium Shoppers","Email, Google, Facebook",Tamil,Youth,2024-08-20,2024-08-20,9,93072,9536,1941,1456,719264,127.59,2.87,13.9,0.1025,0.013379823825503356,0.1527,0.08763049450549451,5637.306998981111
NY-CMP-1634,"Social Media","Working Women","Instagram, WhatsApp",Hindi,"College Students",2025-04-08,2025-04-08,17,26755,1654,800,409,107976,587.06,-0.55,10.7,0.0618,0.3549334945586457,0.2473,1.4353545232273837,183.9266855176643
NY-CMP-1635,"Paid Ads","Premium Shoppers","Instagram, YouTube, WhatsApp",English,"Working Women",2024-12-13,2024-12-13,18,62809,3960,2113,1416,1076160,206.91,2.67,11.92,0.0630,0.05225,0.3576,0.1461228813559322,5201.1019283746555
NY-CMP-1636,"Paid Ads",Youth,Google,English,Youth,2024-10-22,2024-10-22,7,23966,3015,1345,775,432450,299.12,0.87,21.43,0.1258,0.09921061359867331,0.2570,0.38596129032258064,1445.740839796737
NY-CMP-1637,Influencer,"Working Women",Facebook,Hindi,"College Students",2024-08-21,2024-08-21,12,72688,8132,4806,3211,1637610,17.97,27.37,22.22,0.1119,0.0022097884899163795,0.3949,0.005596387418249766,91130.21702838063
NY-CMP-1638,Influencer,"Premium Shoppers","Email, Facebook",Hindi,Youth,2024-08-20,2024-08-20,18,69579,7074,2694,1614,784404,80.13,5.06,16.36,0.1017,0.011327396098388464,0.2282,0.049646840148698884,9789.142643204792
NY-CMP-1639,Influencer,"College Students","Email, Facebook, WhatsApp",English,"College Students",2024-10-28,2024-10-28,16,93673,6392,3535,1929,426309,91.74,1.41,12.66,0.0682,0.014352315394242803,0.3018,0.04755832037325038,4646.926095487247
NY-CMP-1640,"Social Media","Premium Shoppers","Email, WhatsApp, Facebook",English,"Premium Shoppers",2024-07-23,2024-07-23,28,99580,7664,3967,3015,1139670,47.72,6.92,14.71,0.0770,0.006226513569937369,0.3934,0.015827529021558873,23882.43922883487
NY-CMP-1641,Influencer,"Premium Shoppers",Instagram,Tamil,"College Students",2025-01-03,2025-01-03,25,84581,6796,3664,2023,671636,92.85,2.58,14.76,0.0803,0.013662448499117127,0.2977,0.04589718240237271,7233.559504577275
NY-CMP-1642,"Social Media","College Students","Google, Instagram",Tamil,"College Students",2024-08-20,2024-08-20,8,70390,2797,1409,1050,221550,282.28,-0.25,7.47,0.0397,0.10092241687522345,0.3754,0.2688380952380952,784.8590052430212
NY-CMP-1643,"Paid Ads","Premium Shoppers","Facebook, Instagram",English,"Tier 2 City Customers",2025-02-09,2025-02-09,9,29865,716,178,81,58563,794.33,-0.09,3.26,0.0240,1.1093994413407822,0.1131,9.806543209876544,73.72628504525827
NY-CMP-1644,SEO,"Working Women","WhatsApp, Email",English,"College Students",2024-12-13,2024-12-13,15,30664,2825,1368,731,250002,72.71,3.7,16.06,0.0921,0.02573805309734513,0.2588,0.09946648426812585,3438.3441067253475
NY-CMP-1645,Email,"Premium Shoppers",Instagram,Tamil,"Tier 2 City Customers",2025-04-08,2025-04-08,16,86464,5105,1301,651,322245,365.09,0.36,8.16,0.0590,0.07151616062683643,0.1275,0.5608141321044546,882.6453751129859
NY-CMP-1646,SEO,"Premium Shoppers","YouTube, Google, WhatsApp",English,Youth,2025-03-11,2025-03-11,22,33156,1367,814,307,243144,680.18,0.16,7.5,0.0412,0.49757132406730065,0.2246,2.21557003257329,357.4700814490282
NY-CMP-1647,SEO,"Tier 2 City Customers","Instagram, Google",Tamil,Youth,2024-11-20,2024-11-20,18,10213,612,217,144,93600,584.17,0.11,9.53,0.0599,0.9545261437908497,0.2353,4.05673611111111,160.22733108512935
NY-CMP-1648,"Paid Ads","Premium Shoppers",Google,Tamil,"Tier 2 City Customers",2024-11-25,2024-11-25,22,53691,5317,1117,869,589182,275.09,1.46,13.6,0.0990,0.051737822080120364,0.1634,0.3165592635212888,2141.77905412774
NY-CMP-1649,SEO,"Premium Shoppers",Instagram,Bengali,"Premium Shoppers",2025-01-02,2025-01-02,18,85903,5184,2315,1159,264252,248.8,-0.08,10.08,0.0603,0.04799382716049383,0.2236,0.21466781708369284,1062.1061093247588
NY-CMP-1650,Influencer,"Working Women","WhatsApp, Email, Google",Tamil,"College Students",2025-05-25,2025-05-25,11,37018,1810,521,294,88494,196.4,0.53,7.09,0.0489,0.10850828729281768,0.1624,0.6680272108843538,450.58044806517313
NY-CMP-1651,Influencer,"College Students",Email,Tamil,Youth,2025-04-13,2025-04-13,17,19856,2467,1227,815,585170,141.63,4.07,22.71,0.1242,0.0574098094852047,0.3304,0.17377914110429446,4131.681141001201
NY-CMP-1652,SEO,"College Students",Facebook,English,Youth,2024-09-09,2024-09-09,14,69234,8233,4643,1852,446332,82.83,1.91,21.27,0.1189,0.010060731203692457,0.2249,0.04472462203023758,5388.530725582518
NY-CMP-1653,Email,"College Students",Google,English,"Premium Shoppers",2025-04-28,2025-04-28,5,96560,8514,3764,2112,1385472,128.66,4.1,14.9,0.0882,0.015111580925534414,0.2481,0.0609185606060606,10768.475050520752
NY-CMP-1654,"Paid Ads","Working Women",Facebook,Hindi,"College Students",2024-12-09,2024-12-09,16,59618,2772,1208,607,271329,268.78,0.66,7.69,0.0465,0.09696248196248196,0.2190,0.4428006589785832,1009.4835925292061
NY-CMP-1655,"Social Media","Working Women","Facebook, Instagram",English,"Tier 2 City Customers",2025-03-13,2025-03-13,13,26781,1979,957,539,349811,228.8,1.84,12.98,0.0739,0.11561394643759475,0.2724,0.4244897959183674,1528.8942307692307
NY-CMP-1656,SEO,"College Students","Instagram, Google",English,"Tier 2 City Customers",2025-03-27,2025-03-27,13,40053,5960,3158,2110,1601490,89.38,7.49,28.03,0.1488,0.014996644295302012,0.3540,0.04236018957345972,17917.766838218842
NY-CMP-1657,Influencer,"Premium Shoppers","Email, WhatsApp",Tamil,Youth,2025-05-21,2025-05-21,12,26243,3624,894,548,429084,474.42,0.65,19.3,0.1381,0.13091059602649008,0.1512,0.8657299270072993,904.4391045908689
NY-CMP-1658,Email,"Premium Shoppers","Google, Instagram",Tamil,"Working Women",2025-04-25,2025-04-25,29,38906,4455,2164,977,341950,109.21,2.2,19.52,0.1145,0.024514029180695847,0.2193,0.11178096212896621,3131.1235234868604
NY-CMP-1659,"Paid Ads","Premium Shoppers","Google, Email, WhatsApp",Tamil,"Working Women",2025-03-13,2025-03-13,15,41701,1469,760,438,168192,360.46,0.07,6.4,0.0352,0.24537780803267528,0.2982,0.8229680365296803,466.60378405370915
NY-CMP-1660,Email,"Working Women","Email, Google",Tamil,"Tier 2 City Customers",2024-10-24,2024-10-24,16,69994,4481,2541,926,353732,299.62,0.27,11.36,0.0640,0.06686453916536488,0.2067,0.3235637149028078,1180.6020959882517
NY-CMP-1661,SEO,Youth,"WhatsApp, YouTube",Hindi,"College Students",2025-06-08,2025-06-08,12,70470,4309,869,672,238560,380.11,-0.07,8.3,0.0611,0.08821304246925041,0.1560,0.5656398809523809,627.6077977427586
NY-CMP-1662,Influencer,"Tier 2 City Customers",YouTube,Tamil,"Working Women",2024-08-30,2024-08-30,29,63497,2757,918,430,183180,408.18,0.04,6.46,0.0434,0.14805223068552775,0.1560,0.9492558139534883,448.7726003233867
NY-CMP-1663,Email,"College Students",Email,Bengali,"Working Women",2024-08-30,2024-08-30,21,64330,6471,3303,1045,545490,188.21,1.77,16.82,0.1006,0.029085149126873745,0.1615,0.18010526315789474,2898.3050847457625
NY-CMP-1664,"Paid Ads","Tier 2 City Customers","Instagram, Facebook, YouTube",Tamil,"College Students",2024-08-26,2024-08-26,27,37348,2813,1103,514,340268,197.01,2.36,11.86,0.0753,0.07003554923569143,0.1827,0.38328793774319064,1727.1610578143243
NY-CMP-1665,Influencer,"Working Women",WhatsApp,Hindi,"Premium Shoppers",2025-05-28,2025-05-28,16,18583,951,535,337,188046,832.73,-0.33,9.81,0.0512,0.8756361724500525,0.3544,2.4710089020771515,225.81869273353908
NY-CMP-1666,Email,"Premium Shoppers","Email, Facebook, WhatsApp",English,"College Students",2025-06-01,2025-06-01,20,86179,12842,3031,1326,778362,198.63,1.96,19.96,0.1490,0.015467216944401183,0.1033,0.14979638009049773,3918.65277148467
NY-CMP-1667,Influencer,"College Students","Email, Facebook, WhatsApp",Hindi,"Tier 2 City Customers",2025-02-17,2025-02-17,24,38068,2331,492,359,119547,784.31,-0.58,8.36,0.0612,0.3364693264693264,0.1540,2.1847075208913647,152.4231490099578
NY-CMP-1668,Influencer,Youth,Instagram,English,"College Students",2024-11-26,2024-11-26,24,76236,10039,5296,2427,512097,25.13,7.39,23.3,0.1317,0.002503237374240462,0.2418,0.010354346930366708,20377.91484281735
NY-CMP-1669,SEO,Youth,Facebook,English,"Premium Shoppers",2024-08-31,2024-08-31,27,74335,1597,321,187,131835,1510.64,-0.53,2.83,0.0215,0.9459236067626801,0.1171,8.078288770053476,87.27095800455436
NY-CMP-1670,"Paid Ads","Tier 2 City Customers","Google, WhatsApp, YouTube",Hindi,"College Students",2025-05-20,2025-05-20,16,68040,5368,2435,1220,893040,158.97,3.6,13.26,0.0789,0.029614381520119224,0.2273,0.1303032786885246,5617.6637101339875
NY-CMP-1671,"Paid Ads","College Students","Email, Instagram, WhatsApp",English,"Working Women",2024-10-09,2024-10-09,23,64032,8938,1977,1259,859897,134.54,4.08,19.01,0.1396,0.015052584470798835,0.1409,0.10686258935663225,6391.385461572767
NY-CMP-1672,"Paid Ads","Premium Shoppers","Email, WhatsApp",Hindi,"Premium Shoppers",2025-05-03,2025-05-03,20,58893,2884,1597,1229,818514,188.08,2.54,9.7,0.0490,0.06521497919556173,0.4261,0.15303498779495525,4351.945980433858
NY-CMP-1673,Email,"College Students","Email, Facebook, Google",Bengali,"Tier 2 City Customers",2025-01-17,2025-01-17,17,62139,5242,2221,1647,1189134,181.5,2.98,14.66,0.0844,0.0346241892407478,0.3142,0.11020036429872496,6551.702479338843
NY-CMP-1674,SEO,"Tier 2 City Customers","WhatsApp, Google",Hindi,"Tier 2 City Customers",2025-04-06,2025-04-06,30,23460,3448,1865,860,546100,205,2.1,26.31,0.1470,0.05945475638051044,0.2494,0.23837209302325582,2663.9024390243903
NY-CMP-1675,Email,"Working Women",Facebook,Hindi,Youth,2025-03-22,2025-03-22,11,58988,3614,917,628,211636,211.6,0.59,8.75,0.0613,0.05855008301051466,0.1738,0.33694267515923565,1000.1701323251418
NY-CMP-1676,Influencer,"Premium Shoppers","Instagram, Facebook",Bengali,Youth,2025-05-15,2025-05-15,5,57324,7205,3395,1336,404808,77.69,2.9,20.82,0.1257,0.010782789729354614,0.1854,0.05815119760479042,5210.554768953533
NY-CMP-1677,"Social Media",Youth,"Instagram, Email, Facebook",Bengali,"Tier 2 City Customers",2025-01-07,2025-01-07,23,39301,2732,1061,630,131670,289.34,-0.28,11.25,0.0695,0.10590775988286968,0.2306,0.4592698412698412,455.07015967374025
NY-CMP-1678,"Paid Ads","Working Women","Google, Instagram, YouTube",Hindi,"Premium Shoppers",2025-05-23,2025-05-23,12,70440,9843,3494,2280,984960,123.35,2.5,22.17,0.1397,0.012531748450675607,0.2316,0.054100877192982455,7985.0830968788005
NY-CMP-1679,"Paid Ads","College Students","Instagram, Google, Facebook",English,"College Students",2024-08-08,2024-08-08,7,88689,12594,2797,1283,955835,89.11,7.36,18.8,0.1420,0.007075591551532476,0.1019,0.06945440374123149,10726.461676579509
NY-CMP-1680,"Social Media","Working Women","YouTube, Google, Instagram",English,"College Students",2025-02-25,2025-02-25,21,18520,1103,256,131,72050,1363.01,-0.6,8.05,0.0596,1.2357298277425204,0.1188,10.404656488549618,52.86094746186748
NY-CMP-1681,Influencer,Youth,"Email, YouTube, Instagram",Hindi,"Tier 2 City Customers",2025-04-05,2025-04-05,18,13263,1878,459,247,134121,312.19,0.74,19.48,0.1416,0.1662353567625133,0.1315,1.263927125506073,429.6133764694577
NY-CMP-1682,SEO,Youth,"Email, YouTube, Facebook",Bengali,Youth,2025-05-28,2025-05-28,15,74723,7704,4000,2340,1062360,59.78,6.59,18.79,0.1031,0.007759605399792316,0.3037,0.02554700854700855,17771.16092338575
NY-CMP-1683,SEO,"Working Women","Facebook, WhatsApp, Instagram",English,"Tier 2 City Customers",2025-01-09,2025-01-09,23,73824,6889,4036,1438,849858,184.13,2.21,16.75,0.0933,0.02672811728843083,0.2087,0.12804589707927677,4615.532504208983
NY-CMP-1684,"Paid Ads","Working Women","Email, Facebook",English,"Tier 2 City Customers",2025-01-26,2025-01-26,21,68880,3286,950,337,175240,857.44,-0.39,6.64,0.0477,0.2609373097991479,0.1026,2.54433234421365,204.37581638365364
NY-CMP-1685,"Paid Ads","Premium Shoppers","Google, WhatsApp",Bengali,"College Students",2025-04-02,2025-04-02,16,92052,2420,1013,549,434259,206.53,2.83,4.33,0.0263,0.08534297520661158,0.2269,0.3761930783242259,2102.643683726335
NY-CMP-1686,"Social Media","Working Women",YouTube,Bengali,Youth,2025-03-31,2025-03-31,22,88749,10861,5599,3805,856125,78.03,1.88,22.83,0.1224,0.0071844213240033145,0.3503,0.020507227332457294,10971.741637831603
NY-CMP-1687,Influencer,"Working Women","Email, Instagram",English,"College Students",2024-09-07,2024-09-07,30,75473,3128,1096,505,372690,270.99,1.72,6.27,0.0414,0.086633631713555,0.1614,0.5366138613861386,1375.290601129193
NY-CMP-1688,"Paid Ads","Working Women",Email,Bengali,"Working Women",2024-09-18,2024-09-18,30,57520,3633,815,541,234794,455.37,-0.05,8.67,0.0632,0.12534269199009085,0.1489,0.8417190388170056,515.6114807738762
NY-CMP-1689,"Paid Ads","Working Women",Instagram,Hindi,"Premium Shoppers",2025-02-20,2025-02-20,6,30651,3088,1346,623,183785,103.62,1.85,16.5,0.1007,0.033555699481865285,0.2017,0.16632423756019263,1773.6440841536382
NY-CMP-1690,Email,"Tier 2 City Customers",Instagram,Bengali,"College Students",2025-03-29,2025-03-29,16,27849,800,329,254,178816,1180.11,-0.4,4.97,0.0287,1.4751374999999998,0.3175,4.646102362204724,151.52485785223413
NY-CMP-1691,Email,"Working Women","YouTube, WhatsApp",Tamil,"College Students",2025-02-08,2025-02-08,22,32607,4200,1669,897,566904,186.14,2.4,20.75,0.1288,0.04431904761904762,0.2136,0.20751393534002227,3045.5785967551305
NY-CMP-1692,Email,"Premium Shoppers","Email, Google, Instagram",Hindi,"Working Women",2025-06-15,2025-06-15,10,45944,6214,2213,1609,683825,64.32,5.61,21.84,0.1353,0.010350820727389763,0.2589,0.039975139838408946,10631.607587064678
NY-CMP-1693,"Paid Ads","Premium Shoppers",WhatsApp,Bengali,"Working Women",2024-12-11,2024-12-11,26,50912,3034,1414,1074,737838,48.07,13.29,10.85,0.0596,0.015843770599868162,0.3540,0.04475791433891992,15349.240690659455
NY-CMP-1694,"Social Media",Youth,"WhatsApp, Email",Bengali,Youth,2024-07-19,2024-07-19,23,93166,2018,980,509,267734,267.31,0.97,3.76,0.0217,0.13246283448959364,0.2522,0.5251669941060904,1001.5861733567767
NY-CMP-1695,SEO,"Tier 2 City Customers","YouTube, Email",Hindi,Youth,2025-03-04,2025-03-04,30,57374,1532,337,219,112347,1016.48,-0.5,3.64,0.0267,0.6634986945169713,0.1430,4.641461187214612,110.52553911537856
NY-CMP-1696,Email,Youth,Email,Tamil,"College Students",2024-12-04,2024-12-04,7,40665,2480,615,255,59160,606.97,-0.62,8.24,0.0610,0.2447459677419355,0.1028,2.3802745098039217,97.46774964166268
NY-CMP-1697,Email,"Tier 2 City Customers","WhatsApp, YouTube",Hindi,"College Students",2024-12-17,2024-12-17,24,41505,5415,2839,1184,610944,190.23,1.71,22.74,0.1305,0.035130193905817175,0.2187,0.16066722972972972,3211.60700205015
NY-CMP-1698,"Social Media",Youth,"YouTube, Email, Facebook",Tamil,"Working Women",2024-07-30,2024-07-30,8,99834,3395,1506,954,725994,223.3,2.41,5.86,0.0340,0.06577319587628866,0.2810,0.23406708595387843,3251.204657411554
NY-CMP-1699,Email,"Tier 2 City Customers","YouTube, Email, WhatsApp",English,"Working Women",2025-04-19,2025-04-19,28,28130,969,302,201,134871,802.89,-0.16,5.23,0.0344,0.8285758513931888,0.2074,3.9944776119402983,167.98191533086725
NY-CMP-1700,"Social Media","College Students","Google, YouTube",Tamil,"Premium Shoppers",2024-10-02,2024-10-02,30,11872,1182,578,266,69692,1005.95,-0.74,17.07,0.0996,0.8510575296108291,0.2250,3.781766917293233,69.2797852775983
NY-CMP-1701,Influencer,"College Students",Instagram,English,"Working Women",2025-02-17,2025-02-17,6,96419,2866,1442,536,147936,449.59,-0.39,5.02,0.0297,0.1568702023726448,0.1870,0.8387873134328357,329.04646455659605
NY-CMP-1702,"Social Media",Youth,"YouTube, Google, Instagram",Hindi,"Working Women",2024-08-22,2024-08-22,20,28199,1804,839,512,259584,111.53,3.55,11.19,0.0640,0.06182372505543237,0.2838,0.21783203125,2327.481395140321
NY-CMP-1703,"Social Media","Working Women","YouTube, WhatsApp, Email",Tamil,Youth,2024-12-29,2024-12-29,17,95025,6375,3482,1175,796650,212.81,2.19,11.61,0.0671,0.03338196078431373,0.1843,0.18111489361702127,3743.480099619379
NY-CMP-1704,"Paid Ads","Premium Shoppers","WhatsApp, Facebook",Bengali,"College Students",2024-09-03,2024-09-03,30,83836,4532,1580,600,244800,261.38,0.56,8.01,0.0541,0.05767431597528685,0.1324,0.4356333333333333,936.5674496901064
NY-CMP-1705,Influencer,"College Students","YouTube, Instagram, Email",Hindi,"Working Women",2024-08-13,2024-08-13,25,38961,5841,2641,832,433472,185.01,1.82,23.91,0.1499,0.0316743708269132,0.1424,0.22236778846153846,2342.9652451218853
NY-CMP-1706,Email,"Tier 2 City Customers","Google, YouTube",Hindi,"Working Women",2024-08-22,2024-08-22,23,81008,8639,3199,1891,1431487,75.76,8.99,16.95,0.1066,0.008769533510823012,0.2189,0.040063458487572715,18895.023759239702
NY-CMP-1707,Email,"College Students",Email,Bengali,"Premium Shoppers",2024-09-10,2024-09-10,20,55391,3228,793,385,81620,666.26,-0.68,7.95,0.0583,0.2064002478314746,0.1193,1.7305454545454546,122.50472788400924
NY-CMP-1708,"Paid Ads","Tier 2 City Customers","Email, Facebook",English,"Working Women",2024-11-22,2024-11-22,16,19339,2136,1210,709,365135,261.11,0.97,20.97,0.1105,0.12224250936329589,0.3319,0.36827926657263754,1398.3953123204778
NY-CMP-1709,SEO,"Tier 2 City Customers","Facebook, YouTube, Google",Tamil,"College Students",2024-09-21,2024-09-21,27,47764,1008,366,127,98044,1716.16,-0.55,3.14,0.0211,1.7025396825396826,0.1260,13.513070866141733,57.129871340667535
NY-CMP-1710,"Social Media","Premium Shoppers","Email, Facebook, Google",Bengali,Youth,2025-02-13,2025-02-13,26,91495,2253,843,646,273258,267.41,0.58,4.09,0.0246,0.11869063470927653,0.2867,0.4139473684210527,1021.8690400508582
NY-CMP-1711,Influencer,"College Students","WhatsApp, YouTube, Instagram",English,"Premium Shoppers",2024-10-12,2024-10-12,12,53169,4490,2268,861,344400,324.67,0.23,14.33,0.0844,0.07230957683741648,0.1918,0.37708478513356564,1060.7693966181046
NY-CMP-1712,SEO,"Working Women","Google, Instagram, Email",Hindi,"College Students",2024-08-19,2024-08-19,30,75916,10438,3420,1572,971496,74.37,7.31,20.33,0.1375,0.007124928147154628,0.1506,0.04730916030534352,13063.00927793465
NY-CMP-1713,"Paid Ads","Tier 2 City Customers",Email,Tamil,"Premium Shoppers",2025-04-17,2025-04-17,11,69786,4680,1324,663,262548,184.49,1.15,9.55,0.0671,0.03942094017094017,0.1417,0.27826546003016595,1423.1015231177842
NY-CMP-1714,Email,"Working Women",Email,Tamil,Youth,2024-08-26,2024-08-26,17,70446,3231,970,601,214557,371.2,-0.04,6.82,0.0459,0.11488703187867533,0.1860,0.6176372712146423,578.0091594827586
NY-CMP-1715,Influencer,"Working Women",Instagram,English,"Working Women",2024-08-11,2024-08-11,26,65800,8996,4071,2307,1434954,123.45,4.04,23.36,0.1367,0.013722765673632726,0.2564,0.0535110533159948,11623.766707168894
NY-CMP-1716,"Social Media",Youth,Facebook,Bengali,"Premium Shoppers",2024-11-27,2024-11-27,21,70302,8041,1964,995,299495,95.49,2.15,15.65,0.1144,0.01187538863325457,0.1237,0.09596984924623116,3136.4017174573255
NY-CMP-1717,SEO,Youth,YouTube,Bengali,"College Students",2024-07-06,2024-07-06,8,61671,5873,1514,886,649438,236.91,2.09,13.41,0.0952,0.04033883875361825,0.1509,0.267392776523702,2741.285720315732
NY-CMP-1718,SEO,"College Students","Email, WhatsApp",Bengali,Youth,2024-12-30,2024-12-30,25,17031,815,459,242,143022,537.58,0.1,8.9,0.0479,0.6596073619631903,0.2969,2.2214049586776863,266.04784404181703
NY-CMP-1719,Influencer,"Premium Shoppers","WhatsApp, Email, YouTube",Bengali,"Working Women",2024-07-05,2024-07-05,17,77081,1552,813,440,316360,215.71,2.33,3.64,0.0201,0.13898840206185567,0.2835,0.49025,1466.598674145844
NY-CMP-1720,Influencer,"Premium Shoppers","YouTube, Facebook",Bengali,"Working Women",2024-07-07,2024-07-07,24,34765,1986,429,321,202230,465.86,0.35,7.87,0.0571,0.2345720040281974,0.1616,1.4512772585669782,434.10037350276906
NY-CMP-1721,Email,"Tier 2 City Customers","WhatsApp, Instagram, Email",English,"College Students",2025-02-20,2025-02-20,27,43130,882,238,114,40470,1954.66,-0.82,2.86,0.0204,2.216167800453515,0.1293,17.146140350877193,20.704368023083298
NY-CMP-1722,SEO,"College Students",Email,Bengali,"College Students",2025-03-14,2025-03-14,20,57458,4599,2493,1227,669942,101.03,4.4,14.48,0.0800,0.021967819091106764,0.2668,0.08233903830480847,6631.1194694645155
NY-CMP-1723,Influencer,"Working Women","Facebook, Google",Bengali,"Working Women",2024-12-09,2024-12-09,19,68640,6606,1701,1344,956928,87.76,7.11,14.06,0.0962,0.013284892521949743,0.2035,0.06529761904761905,10903.919781221513
NY-CMP-1724,"Paid Ads","Working Women",WhatsApp,English,Youth,2025-04-21,2025-04-21,13,56785,8244,4046,2055,427440,85.47,1.43,25.26,0.1452,0.01036754002911208,0.2493,0.04159124087591241,5001.053001053001
NY-CMP-1725,"Social Media","Premium Shoppers","Facebook, Email, Google",Tamil,Youth,2024-09-04,2024-09-04,9,29056,3781,2177,727,509627,89.58,6.83,23.01,0.1301,0.023692144935202327,0.1923,0.12321870701513067,5689.071221254744
NY-CMP-1726,"Paid Ads","College Students","WhatsApp, Instagram, Google",Hindi,"Tier 2 City Customers",2024-12-31,2024-12-31,6,17707,1825,1021,483,340032,522.95,0.35,18.8,0.1031,0.2865479452054795,0.2647,1.082712215320911,650.2189501864423
NY-CMP-1727,"Social Media",Youth,Facebook,Hindi,"Premium Shoppers",2025-03-26,2025-03-26,19,10345,920,521,298,122180,469.99,-0.13,16.81,0.0889,0.5108586956521739,0.3239,1.5771476510067115,259.96297793570074
NY-CMP-1728,Email,"College Students","WhatsApp, YouTube",Bengali,"Working Women",2024-11-26,2024-11-26,14,94256,12138,5130,2937,878163,29.8,9.03,21.44,0.1288,0.002455099686933597,0.2420,0.010146407899216888,29468.557046979866
NY-CMP-1729,Influencer,"Tier 2 City Customers","Google, Email, Instagram",Tamil,"Tier 2 City Customers",2025-01-21,2025-01-21,29,34715,2635,793,596,405876,366.46,0.86,11.59,0.0759,0.1390740037950664,0.2262,0.6148657718120805,1107.5588058724009
NY-CMP-1730,"Social Media","Premium Shoppers","YouTube, Instagram, Google",Bengali,"College Students",2024-10-27,2024-10-27,14,22153,3024,799,413,287448,246.42,1.82,19.12,0.1365,0.08148809523809523,0.1366,0.5966585956416465,1166.4962259556855
NY-CMP-1731,Influencer,"Tier 2 City Customers",Facebook,Bengali,Youth,2025-02-01,2025-02-01,8,38083,3562,1932,660,313500,313.56,0.51,16.16,0.0935,0.08802919708029197,0.1853,0.4750909090909091,999.8086490623804
NY-CMP-1732,SEO,"College Students","Facebook, YouTube",Bengali,Youth,2025-01-29,2025-01-29,6,34959,1479,311,188,128592,1366.88,-0.5,5.66,0.0423,0.9241920216362408,0.1271,7.270638297872341,94.07702212337585
NY-CMP-1733,SEO,"Tier 2 City Customers",YouTube,English,Youth,2025-05-12,2025-05-12,8,33656,2212,989,583,290334,217.86,1.29,11.24,0.0657,0.09849005424954793,0.2636,0.3736878216123499,1332.663178187827
NY-CMP-1734,Influencer,"College Students","Google, WhatsApp",English,"Tier 2 City Customers",2024-10-26,2024-10-26,24,82754,5591,1179,639,307998,106.42,3.53,8.95,0.0676,0.01903416204614559,0.1143,0.1665414710485133,2894.1740274384515
NY-CMP-1735,"Social Media","Working Women","Google, Facebook, Instagram",Hindi,"Premium Shoppers",2024-10-19,2024-10-19,22,13049,1438,572,334,87174,356.54,-0.27,17.96,0.1102,0.24794158553546594,0.2323,1.0674850299401197,244.49991585796823
NY-CMP-1736,Email,"College Students","Instagram, Facebook, Google",English,"Tier 2 City Customers",2024-12-22,2024-12-22,17,32509,1241,374,294,61152,576.34,-0.64,5.87,0.0382,0.4644157937147462,0.2369,1.960340136054422,106.10403581219418
NY-CMP-1737,Influencer,Youth,"Facebook, Instagram, WhatsApp",Hindi,Youth,2025-06-12,2025-06-12,6,91739,5867,3091,1029,680169,205.98,2.21,10.89,0.0640,0.03510823248679052,0.1754,0.2001749271137026,3302.1118555199537
NY-CMP-1738,Influencer,"Working Women","WhatsApp, YouTube, Facebook",Hindi,"College Students",2025-01-08,2025-01-08,15,54922,1692,426,326,223636,917.29,-0.25,4.45,0.0308,0.5421335697399527,0.1927,2.8137730061349693,243.80076093710824
NY-CMP-1739,Influencer,"College Students","Email, WhatsApp",English,"Premium Shoppers",2025-04-12,2025-04-12,10,15457,1866,584,429,222651,688.85,-0.25,18.63,0.1207,0.36915862808145766,0.2299,1.6057109557109557,323.2213108804529
NY-CMP-1740,Email,"College Students","WhatsApp, Email",Hindi,"Premium Shoppers",2025-01-04,2025-01-04,22,27263,3222,1477,549,297558,247.3,1.19,19.25,0.1182,0.07675356921166977,0.1704,0.45045537340619307,1203.2268499797815
NY-CMP-1741,"Paid Ads","Premium Shoppers",Google,Hindi,Youth,2024-10-20,2024-10-20,10,51806,1542,327,157,97340,764.99,-0.19,3.91,0.0298,0.4961024643320363,0.1018,4.872547770700637,127.24349337899842
NY-CMP-1742,SEO,"Tier 2 City Customers","YouTube, Facebook, Google",English,"Tier 2 City Customers",2025-04-23,2025-04-23,8,68409,3991,798,594,282150,345.6,0.37,7.87,0.0583,0.08659483838636933,0.1488,0.5818181818181819,816.40625
NY-CMP-1743,"Paid Ads","Tier 2 City Customers","Facebook, YouTube, Email",Tamil,"Tier 2 City Customers",2024-10-28,2024-10-28,9,96668,4849,2337,1776,831168,130.84,2.58,9.27,0.0502,0.026982883068673955,0.3663,0.07367117117117117,6352.55273616631
NY-CMP-1744,Influencer,"Working Women","Google, Facebook",Bengali,"Tier 2 City Customers",2025-04-04,2025-04-04,17,35851,3305,1075,497,370762,398.97,0.87,13.6,0.0922,0.12071709531013616,0.1504,0.8027565392354126,929.297942201168
NY-CMP-1745,Influencer,"College Students","Google, Email",English,"Premium Shoppers",2024-07-22,2024-07-22,29,61374,3268,1307,937,670892,140.42,4.1,8.98,0.0532,0.04296817625458996,0.2867,0.14986125933831376,4777.75245691497
NY-CMP-1746,"Paid Ads","Premium Shoppers","Facebook, WhatsApp",Hindi,"Tier 2 City Customers",2024-07-20,2024-07-20,20,36685,2018,818,279,87327,973.3,-0.68,8.49,0.0550,0.48230921704658075,0.1383,3.4885304659498204,89.7225932394945
NY-CMP-1747,"Paid Ads","Working Women","Facebook, YouTube, Instagram",Hindi,Youth,2024-08-29,2024-08-29,20,86637,6577,3489,2728,578336,23.86,7.89,14.77,0.0759,0.003627793826972784,0.4148,0.008746334310850439,24238.72590108969
NY-CMP-1748,"Paid Ads","Working Women",YouTube,Bengali,Youth,2024-07-28,2024-07-28,18,88623,4732,2222,1100,416900,156.13,1.43,9.09,0.0534,0.03299450549450549,0.2325,0.14193636363636364,2670.210721834369
NY-CMP-1749,"Paid Ads",Youth,WhatsApp,Hindi,"Premium Shoppers",2024-12-24,2024-12-24,16,85138,3495,1252,431,281012,621.86,0.05,6.08,0.0411,0.17792846924177397,0.1233,1.442830626450116,451.8894928118869
NY-CMP-1750,Influencer,"Working Women","Instagram, YouTube",Tamil,"Working Women",2024-07-10,2024-07-10,18,36834,3437,1895,791,337757,197.52,1.16,16.62,0.0933,0.057468722723305214,0.2301,0.24970922882427307,1709.9888618874038
NY-CMP-1751,SEO,"College Students",Facebook,Hindi,"Tier 2 City Customers",2025-03-09,2025-03-09,15,38727,4175,1688,1320,491040,191,0.95,18.55,0.1078,0.04574850299401197,0.3162,0.14469696969696969,2570.890052356021
NY-CMP-1752,"Social Media","Tier 2 City Customers","Facebook, WhatsApp",Tamil,"Tier 2 City Customers",2025-01-24,2025-01-24,16,18643,772,221,67,14807,3263.19,-0.93,5.69,0.0414,4.226930051813471,0.0868,48.704328358208954,4.537584388282632
NY-CMP-1753,"Social Media",Youth,"Facebook, Google, Instagram",Tamil,"Tier 2 City Customers",2025-02-24,2025-02-24,20,96148,9092,4386,2434,1944766,94.54,7.45,16.55,0.0946,0.010398152221733393,0.2677,0.03884141331142153,20570.82716310556
NY-CMP-1754,SEO,"Premium Shoppers",Email,Bengali,"Working Women",2024-10-07,2024-10-07,13,53327,2746,1349,956,391004,171.12,1.39,9.47,0.0515,0.062316096139839766,0.3481,0.1789958158995816,2284.9696119682094
NY-CMP-1755,Influencer,Youth,"WhatsApp, Email",Hindi,"College Students",2025-05-05,2025-05-05,21,97185,11138,4000,2421,1396917,111.01,4.2,18.07,0.1146,0.009966780391452684,0.2174,0.04585295332507228,12583.704170795423
NY-CMP-1756,"Social Media","Working Women","Instagram, WhatsApp",Tamil,"Premium Shoppers",2024-11-25,2024-11-25,17,79863,9112,3909,1717,1033634,73.4,7.2,18.45,0.1141,0.00805531167690957,0.1884,0.04274898078043099,14082.207084468664
NY-CMP-1757,"Paid Ads","College Students",Google,Tamil,"Premium Shoppers",2024-07-17,2024-07-17,13,20751,1567,635,221,64974,918.19,-0.68,11.68,0.0755,0.5859540523292917,0.1410,4.154705882352942,70.7631318136769
NY-CMP-1758,Influencer,"College Students","Facebook, Email, YouTube",Hindi,"College Students",2024-09-30,2024-09-30,30,57300,1272,411,159,70437,767.97,-0.42,3.21,0.0222,0.60375,0.1250,4.83,91.7184265010352
NY-CMP-1759,"Social Media","Working Women","WhatsApp, YouTube, Facebook",Tamil,Youth,2024-07-09,2024-07-09,25,53555,4471,1902,1088,567936,130.44,3,13.93,0.0835,0.02917468127935585,0.2433,0.11988970588235294,4354.001839926403
NY-CMP-1760,"Social Media","Premium Shoppers",WhatsApp,Bengali,"Working Women",2025-02-05,2025-02-05,18,62329,7431,1561,896,493696,291.99,0.89,15.86,0.1192,0.03929350020185709,0.1206,0.32588169642857145,1690.7976300558237
NY-CMP-1761,Influencer,"Working Women","YouTube, Facebook, Instagram",Hindi,Youth,2025-04-11,2025-04-11,28,50597,1785,953,596,454152,288.65,1.64,6.59,0.0353,0.16170868347338935,0.3339,0.4843120805369127,1573.3656677637277
NY-CMP-1762,"Social Media","Tier 2 City Customers","WhatsApp, YouTube, Google",Bengali,"College Students",2025-05-11,2025-05-11,11,93411,8512,4422,2724,626520,47.52,3.84,16.76,0.0911,0.005582706766917293,0.3200,0.01744493392070485,13184.343434343433
NY-CMP-1763,SEO,"Premium Shoppers",Email,Tamil,"Premium Shoppers",2025-04-11,2025-04-11,28,48578,4373,931,349,234179,332.64,1.02,11.64,0.0900,0.07606677338211754,0.0798,0.9531232091690544,704.0013227513227
NY-CMP-1764,SEO,"Tier 2 City Customers",YouTube,English,"Working Women",2024-12-30,2024-12-30,6,65768,2953,1270,864,342144,75.45,4.25,7.73,0.0449,0.025550287842871656,0.2926,0.0873263888888889,4534.711729622266
NY-CMP-1765,"Social Media","College Students","Google, Facebook",Tamil,"Working Women",2024-10-30,2024-10-30,21,65851,8522,1797,850,572900,205.24,2.28,16.96,0.1294,0.02408354846280216,0.0997,0.24145882352941178,2791.3662054180472
NY-CMP-1766,SEO,"Premium Shoppers","Email, Instagram",English,"Working Women",2024-11-16,2024-11-16,25,61182,4514,1702,968,517880,228.7,1.34,11.74,0.0738,0.05066459902525476,0.2144,0.2362603305785124,2264.4512461740273
NY-CMP-1767,"Social Media",Youth,"WhatsApp, Facebook, Instagram",English,Youth,2025-01-27,2025-01-27,7,65069,7616,3670,2111,1446035,121.35,4.64,20.59,0.1170,0.015933560924369747,0.2772,0.05748460445286594,11916.234033786568
NY-CMP-1768,"Social Media","Working Women","WhatsApp, Facebook, YouTube",Bengali,"College Students",2024-07-24,2024-07-24,29,35954,4836,1533,528,392832,168.87,3.41,19.18,0.1345,0.03491935483870968,0.1092,0.31982954545454545,2326.2391188488186
NY-CMP-1769,"Social Media",Youth,Email,English,"Premium Shoppers",2024-12-27,2024-12-27,17,52304,7627,4302,2616,1090872,77.6,4.37,27.81,0.1458,0.010174380490363183,0.3430,0.02966360856269113,14057.628865979383
NY-CMP-1770,"Social Media",Youth,"YouTube, Google, WhatsApp",English,Youth,2025-02-14,2025-02-14,15,91831,10612,5023,3942,1273266,68.93,3.69,21.32,0.1156,0.006495476818695817,0.3715,0.017486047691527146,18471.870013056723
NY-CMP-1771,Influencer,"Tier 2 City Customers",Instagram,English,"Premium Shoppers",2025-05-29,2025-05-29,16,19525,2911,1251,886,300354,218.51,0.55,25.85,0.1491,0.07506355204397114,0.3044,0.24662528216704288,1374.554940277333
NY-CMP-1772,Email,"Tier 2 City Customers","YouTube, WhatsApp, Google",Tamil,"Working Women",2024-11-09,2024-11-09,19,49119,2420,1124,641,295501,253.94,0.82,8.52,0.0493,0.10493388429752067,0.2649,0.3961622464898596,1163.6646451917777
NY-CMP-1773,"Paid Ads","Working Women","WhatsApp, Email",English,"College Students",2024-09-23,2024-09-23,25,74828,9625,3617,1743,829668,75.17,5.33,20.03,0.1286,0.00780987012987013,0.1811,0.04312679288582903,11037.222296128775
NY-CMP-1774,Influencer,"Working Women","Google, Facebook",Tamil,"College Students",2025-03-12,2025-03-12,7,24792,3148,1647,1112,332488,187.92,0.59,23.83,0.1270,0.059695044472681064,0.3532,0.16899280575539566,1769.3060876968925
NY-CMP-1775,"Paid Ads","Premium Shoppers","WhatsApp, Email",Hindi,"College Students",2024-11-13,2024-11-13,8,38472,3310,1372,964,669980,110.71,5.28,14.68,0.0860,0.033447129909365554,0.2912,0.11484439834024895,6051.666516123205
NY-CMP-1776,SEO,"College Students","Facebook, Email, WhatsApp",Tamil,Youth,2024-08-28,2024-08-28,14,59214,3617,1557,1038,649788,277.8,1.25,10.49,0.0611,0.07680398119988942,0.2870,0.2676300578034682,2339.049676025918
NY-CMP-1777,Email,"Tier 2 City Customers","Instagram, Facebook",Bengali,"Working Women",2024-11-20,2024-11-20,13,69788,7754,3949,1587,1060116,169.89,2.93,19.04,0.1111,0.02190998194480268,0.2047,0.10705103969754252,6240.014126787922
NY-CMP-1778,Email,"Working Women","Facebook, Google, Email",Hindi,"College Students",2024-09-29,2024-09-29,25,64784,3417,873,325,116675,511.17,-0.3,7.12,0.0527,0.14959613696224758,0.0951,1.5728307692307693,228.25087544261203
NY-CMP-1779,"Paid Ads",Youth,"Facebook, YouTube",Bengali,"College Students",2025-03-04,2025-03-04,17,44992,2520,1363,439,218622,497.45,0,9.61,0.0560,0.19740079365079366,0.1742,1.133143507972665,439.48537541461457
NY-CMP-1780,"Paid Ads",Youth,"Email, Instagram",English,"College Students",2024-11-17,2024-11-17,20,64615,7428,1643,547,118699,341.02,-0.36,14.89,0.1150,0.04591007000538503,0.0736,0.623436928702011,348.0704943991555
NY-CMP-1781,"Paid Ads","Working Women","Instagram, Google, WhatsApp",Tamil,"College Students",2024-07-04,2024-07-04,19,38593,1993,679,260,98800,481.33,-0.21,7.6,0.0516,0.2415102860010035,0.1305,1.8512692307692307,205.26457939459416
NY-CMP-1782,"Paid Ads","Premium Shoppers","Email, WhatsApp",Hindi,"Working Women",2025-01-10,2025-01-10,21,31016,2683,634,440,104720,275.68,-0.14,12.11,0.0865,0.1027506522549385,0.1640,0.6265454545454545,379.8607080673244
NY-CMP-1783,SEO,"Premium Shoppers","Instagram, Google, WhatsApp",Bengali,"Tier 2 City Customers",2025-02-22,2025-02-22,28,64476,5508,1310,1041,517377,272.61,0.82,12.19,0.0854,0.049493464052287585,0.1890,0.26187319884726223,1897.8650819852535
NY-CMP-1784,SEO,Youth,"Google, YouTube",English,"College Students",2025-02-07,2025-02-07,12,68220,5210,1480,683,230171,85.14,2.96,10.81,0.0764,0.01634165067178503,0.1311,0.12465592972181552,2703.441390650693
NY-CMP-1785,SEO,Youth,"Google, Facebook, WhatsApp",Bengali,Youth,2024-12-01,2024-12-01,15,26153,2774,1265,609,479283,82.67,8.52,17.77,0.1061,0.029801730353280462,0.2195,0.1357471264367816,5797.544453852667
NY-CMP-1786,"Paid Ads","College Students","Email, Facebook",Tamil,Youth,2024-07-21,2024-07-21,17,19187,920,388,186,80352,1406.39,-0.69,7.79,0.0479,1.5286847826086958,0.2022,7.561236559139785,57.13351204146787
NY-CMP-1787,SEO,"Working Women","Facebook, Instagram",Tamil,Youth,2024-11-10,2024-11-10,6,40328,3095,765,321,249096,583.1,0.33,10.37,0.0767,0.18840064620355412,0.1037,1.8165109034267914,427.1925913222432
NY-CMP-1788,SEO,Youth,"Facebook, Email, YouTube",Bengali,"College Students",2025-01-09,2025-01-09,6,98437,13063,4750,2614,912286,38.65,8.03,20.75,0.1327,0.0029587384214958276,0.2001,0.014785768936495792,23603.777490297543
NY-CMP-1789,"Paid Ads","College Students","Instagram, Email",Bengali,"Tier 2 City Customers",2024-12-06,2024-12-06,9,11231,1189,464,338,155818,396.88,0.16,17.73,0.1059,0.33379310344827584,0.2843,1.1742011834319526,392.6073372303971
NY-CMP-1790,"Social Media","Tier 2 City Customers","Instagram, YouTube, Facebook",Bengali,Youth,2025-05-22,2025-05-22,7,57776,1529,347,113,47121,2350.3,-0.82,3.44,0.0265,1.5371484630477437,0.0739,20.799115044247788,20.04892992383951
NY-CMP-1791,Influencer,Youth,"Google, Email",Bengali,"Tier 2 City Customers",2025-04-07,2025-04-07,13,42522,4227,2132,1101,238917,140.04,0.55,17.54,0.0994,0.03312987934705465,0.2605,0.1271934604904632,1706.0625535561269
NY-CMP-1792,Influencer,"Working Women","Email, Google, WhatsApp",Bengali,"Tier 2 City Customers",2024-11-27,2024-11-27,12,31723,1589,730,537,137472,453.47,-0.44,9,0.0501,0.28538074260541224,0.3379,0.8444506517690876,303.1556663064811
NY-CMP-1793,Email,"Tier 2 City Customers","WhatsApp, Google, YouTube",Tamil,Youth,2024-10-13,2024-10-13,10,92496,3762,1544,792,588456,211.11,2.52,6.59,0.0407,0.05611642743221691,0.2105,0.26655303030303035,2787.4378286201504
NY-CMP-1794,"Paid Ads","Premium Shoppers","Instagram, Facebook",English,"College Students",2024-08-07,2024-08-07,15,85416,2362,870,261,192879,412.72,0.79,4.09,0.0277,0.17473327688399662,0.1105,1.5813026819923373,467.3362085675518
NY-CMP-1795,Influencer,"Premium Shoppers",Email,Hindi,"Premium Shoppers",2024-10-10,2024-10-10,18,51904,4532,1465,562,143872,493.28,-0.48,12.64,0.0873,0.10884377758164165,0.1240,0.8777224199288256,291.6639636717483
NY-CMP-1796,"Social Media","Premium Shoppers","WhatsApp, Facebook, Email",Hindi,Youth,2025-02-22,2025-02-22,23,72141,3595,1530,783,444744,152.39,2.73,8.19,0.0498,0.0423894297635605,0.2178,0.19462324393358874,2918.4592164840215
NY-CMP-1797,Influencer,"Working Women","Instagram, Google",Hindi,"Working Women",2024-08-07,2024-08-07,25,58086,8550,1738,1111,515504,226.48,1.05,19.62,0.1472,0.026488888888888888,0.1299,0.20385238523852384,2276.156835040622
NY-CMP-1798,Email,"Premium Shoppers",WhatsApp,Hindi,"College Students",2024-07-07,2024-07-07,30,73103,7708,1909,1459,1056316,70.37,9.29,15.15,0.1054,0.009129475869226777,0.1893,0.04823166552433174,15010.885320449053
NY-CMP-1799,Email,Youth,YouTube,Tamil,"Tier 2 City Customers",2024-12-09,2024-12-09,17,98439,5553,3199,2021,470893,131.92,0.77,10.94,0.0564,0.023756528002881323,0.3639,0.06527461652647204,3569.5345664038814
NY-CMP-1800,Email,"Tier 2 City Customers","WhatsApp, YouTube, Facebook",Bengali,"Working Women",2025-05-21,2025-05-21,16,49826,5988,2259,1123,729950,89.8,6.24,18.81,0.1202,0.014996659986639946,0.1875,0.07996438112199465,8128.619153674833
NY-CMP-1801,"Paid Ads","Working Women",Google,Hindi,"College Students",2024-09-10,2024-09-10,26,82484,5122,1393,1081,255116,164.93,0.43,9.21,0.0621,0.03220031237797735,0.2111,0.1525716928769658,1546.8137997938518
NY-CMP-1802,"Paid Ads","Premium Shoppers",Email,Hindi,Youth,2024-08-25,2024-08-25,29,45452,2402,792,266,186466,355.17,0.97,7.61,0.0528,0.14786427976686095,0.1107,1.3352255639097745,525.004927217952
NY-CMP-1803,Email,"Premium Shoppers",Email,Bengali,"Tier 2 City Customers",2024-10-02,2024-10-02,11,21615,582,306,232,78184,1020.32,-0.67,5.18,0.0269,1.753127147766323,0.3986,4.397931034482759,76.62694056766505
NY-CMP-1804,Influencer,"College Students","Google, WhatsApp, YouTube",English,Youth,2024-09-16,2024-09-16,18,56343,4693,2242,1007,526661,279.32,0.87,14.1,0.0833,0.05951843170679735,0.2146,0.2773783515392254,1885.5112415867106
NY-CMP-1805,SEO,"Premium Shoppers","Google, Instagram",Hindi,Youth,2024-07-25,2024-07-25,15,96602,9617,3372,1871,501428,40.01,5.7,15.38,0.0996,0.004160341062701466,0.1946,0.021384286477819345,12532.566858285429
NY-CMP-1806,SEO,"College Students","Instagram, Google, YouTube",Bengali,"Working Women",2025-05-17,2025-05-17,20,61721,5986,1715,939,288273,181.85,0.69,14,0.0970,0.030379218175743402,0.1569,0.19366347177848775,1585.2240857849877
NY-CMP-1807,Influencer,"Working Women","YouTube, Email",English,Youth,2024-11-07,2024-11-07,5,83649,5728,1985,1423,570623,125.33,2.2,10.92,0.0685,0.021880237430167596,0.2484,0.0880744905130007,4552.964174579111
NY-CMP-1808,SEO,"Tier 2 City Customers","Facebook, WhatsApp",Bengali,Youth,2024-12-28,2024-12-28,30,21930,1294,303,189,95823,290.71,0.74,8.14,0.0590,0.2246599690880989,0.1461,1.538148148148148,329.61714423308456
NY-CMP-1809,"Social Media","Working Women","Facebook, Email, WhatsApp",Bengali,"College Students",2024-10-03,2024-10-03,25,82238,9376,4003,1851,805185,103.25,3.21,18.52,0.1140,0.011012158703071673,0.1974,0.05578065910318747,7798.401937046005
NY-CMP-1810,Influencer,Youth,Instagram,English,"Tier 2 City Customers",2024-12-22,2024-12-22,7,71367,8041,4579,3068,2350088,42.3,17.11,21.98,0.1127,0.005260539733863947,0.3815,0.013787483702737939,55557.63593380615
NY-CMP-1811,"Social Media","College Students",Google,Hindi,"Premium Shoppers",2024-08-25,2024-08-25,29,57762,7992,4372,2684,2098888,28.91,26.05,26.05,0.1384,0.0036173673673673672,0.3358,0.01077123695976155,72600.76098235905
NY-CMP-1812,Email,"College Students","Instagram, WhatsApp",English,"Working Women",2024-10-20,2024-10-20,13,38408,2590,1455,529,121670,368.1,-0.38,11.91,0.0674,0.14212355212355213,0.2042,0.6958412098298677,330.53518065743003
NY-CMP-1813,"Paid Ads","Tier 2 City Customers","Google, Instagram",Tamil,"Tier 2 City Customers",2024-07-20,2024-07-20,25,76961,10441,3904,1911,473928,137.41,0.8,21.12,0.1357,0.01316061679915717,0.1830,0.0719047619047619,3449.0066225165565
NY-CMP-1814,"Paid Ads",Youth,Instagram,Tamil,"College Students",2024-10-04,2024-10-04,13,66009,6138,3186,1636,472804,113.2,1.55,16.6,0.0930,0.018442489410231345,0.2665,0.06919315403422983,4176.713780918728
NY-CMP-1815,SEO,"Working Women",Email,English,"College Students",2024-08-21,2024-08-21,11,72399,9726,4877,1838,1380338,155.99,3.81,22.71,0.1343,0.016038453629446843,0.1890,0.08486942328618063,8848.887749214693
NY-CMP-1816,"Paid Ads",Youth,"Facebook, Email",Bengali,"Premium Shoppers",2025-06-11,2025-06-11,12,76944,4094,1283,453,242355,584.04,-0.08,7.58,0.0532,0.14265754763067903,0.1106,1.2892715231788079,414.963016231765
NY-CMP-1817,Influencer,"Tier 2 City Customers",Facebook,Hindi,"Premium Shoppers",2025-05-03,2025-05-03,15,22138,1240,460,352,202048,754.84,-0.24,9.27,0.0560,0.608741935483871,0.2839,2.1444318181818183,267.6699697949234
NY-CMP-1818,Email,"Working Women","WhatsApp, Instagram",English,"Tier 2 City Customers",2025-04-09,2025-04-09,14,31685,3640,1833,576,310464,405,0.33,19.09,0.1149,0.11126373626373626,0.1582,0.703125,766.5777777777778
NY-CMP-1819,SEO,Youth,"YouTube, WhatsApp, Email",Tamil,"College Students",2024-08-03,2024-08-03,15,13397,1747,380,144,84960,2056.59,-0.71,16.95,0.1304,1.1772123640526617,0.0824,14.281875000000001,41.311102358758916
NY-CMP-1820,Email,"Premium Shoppers","YouTube, Facebook",Bengali,"Tier 2 City Customers",2025-05-01,2025-05-01,5,37808,2994,1410,963,249417,276.4,-0.06,14.2,0.0792,0.09231796927187708,0.3216,0.28701973001038417,902.3769898697541
NY-CMP-1821,"Paid Ads",Youth,Facebook,Tamil,"College Students",2025-02-04,2025-02-04,15,59578,4572,2088,1383,461922,118.23,1.83,13.5,0.0767,0.02585958005249344,0.3025,0.0854880694143167,3906.9779243846738
NY-CMP-1822,SEO,Youth,Email,Tamil,"Premium Shoppers",2024-07-16,2024-07-16,17,17174,1615,529,323,241927,893.27,-0.16,14.36,0.0940,0.553108359133127,0.2000,2.7655417956656345,270.8330068176475
NY-CMP-1823,"Paid Ads",Youth,YouTube,English,"Premium Shoppers",2024-10-06,2024-10-06,23,63250,4352,1997,744,397296,316.21,0.69,11.21,0.0688,0.07265854779411764,0.1710,0.42501344086021503,1256.4308529142027
NY-CMP-1824,"Paid Ads","Tier 2 City Customers","Facebook, Instagram, Google",English,Youth,2024-08-13,2024-08-13,7,47599,1787,749,319,66990,261.86,-0.2,6,0.0375,0.14653609401231113,0.1785,0.8208777429467085,255.82372259986252
NY-CMP-1825,Influencer,Youth,"Instagram, YouTube, Email",Tamil,"Working Women",2024-09-14,2024-09-14,14,46989,4592,1246,941,350052,274.8,0.35,14.43,0.0977,0.05984320557491289,0.2049,0.2920297555791711,1273.8427947598252
NY-CMP-1826,"Social Media","Premium Shoppers","Google, Email, YouTube",Tamil,"College Students",2025-05-08,2025-05-08,6,28791,2887,1363,625,443750,209.76,2.38,16.93,0.1003,0.07265673709733286,0.2165,0.33561599999999997,2115.51296720061
NY-CMP-1827,Email,"College Students","Email, Facebook",English,"Premium Shoppers",2025-02-09,2025-02-09,17,69302,9786,4376,3335,1904285,66.98,7.52,25.25,0.1412,0.006844471694257103,0.3408,0.020083958020989508,28430.650940579275
NY-CMP-1828,"Social Media","Premium Shoppers",Email,Tamil,"College Students",2025-05-01,2025-05-01,21,96576,6574,2012,892,506656,272.16,1.09,9.81,0.0681,0.04139945238819593,0.1357,0.3051121076233184,1861.6108171663725
NY-CMP-1829,"Social Media",Youth,"Google, YouTube, Instagram",English,"Premium Shoppers",2024-11-17,2024-11-17,15,95206,9762,4539,2348,749012,118.76,1.69,17.49,0.1025,0.012165539848391723,0.2405,0.05057921635434413,6306.9383630852135
NY-CMP-1830,"Paid Ads","Premium Shoppers","Instagram, WhatsApp",Tamil,"Premium Shoppers",2025-02-04,2025-02-04,25,41667,4151,1665,1220,492880,64.06,5.31,16.89,0.0996,0.015432425921464708,0.2939,0.052508196721311476,7694.036840462067
NY-CMP-1831,"Paid Ads","Tier 2 City Customers",Email,Bengali,Youth,2025-01-02,2025-01-02,9,75865,6780,3391,1654,342378,73.41,1.82,15.59,0.0894,0.010827433628318584,0.2440,0.04438331318016928,4663.914997956682
NY-CMP-1832,"Paid Ads",Youth,"Google, Facebook, WhatsApp",Bengali,Youth,2025-02-04,2025-02-04,12,32966,4101,1017,783,496422,326.98,0.94,17.9,0.1244,0.07973177273835651,0.1909,0.41759897828863346,1518.20294819255
NY-CMP-1833,"Paid Ads","Premium Shoppers","Google, Instagram, WhatsApp",Bengali,"Working Women",2025-01-08,2025-01-08,14,78901,5933,1992,779,467400,347.44,0.73,11.03,0.0752,0.058560593291757966,0.1313,0.44600770218228497,1345.2682477550081
NY-CMP-1834,Influencer,Youth,Instagram,English,"Premium Shoppers",2024-08-16,2024-08-16,28,58625,4691,2002,1247,880382,47.51,13.86,13.54,0.0800,0.010127904497974845,0.2658,0.03809943865276664,18530.45674594822
NY-CMP-1835,"Paid Ads",Youth,"Facebook, WhatsApp, Google",Tamil,"Working Women",2024-07-04,2024-07-04,18,57039,4384,999,778,408450,333.25,0.58,10.8,0.0769,0.07601505474452555,0.1775,0.4283419023136247,1225.6564141035258
NY-CMP-1836,Influencer,"Tier 2 City Customers","Instagram, Facebook",Hindi,"Tier 2 City Customers",2025-06-03,2025-06-03,7,84987,11904,4413,2412,1109520,68.56,5.71,22.04,0.1401,0.0057594086021505375,0.2026,0.02842454394693201,16183.197199533255
NY-CMP-1837,"Social Media","Working Women","YouTube, Google, Email",English,"Premium Shoppers",2025-02-11,2025-02-11,11,56514,5722,1515,1167,245070,103.99,1.02,14.87,0.1012,0.018173715484096468,0.2039,0.08910882604970008,2356.668910472161
NY-CMP-1838,"Paid Ads","College Students","Facebook, YouTube, Instagram",English,"Tier 2 City Customers",2024-11-02,2024-11-02,5,67550,7945,2623,1927,1163908,150.65,3.01,18.5,0.1176,0.01896161107614852,0.2425,0.07817851582771147,7725.907733156322
NY-CMP-1839,SEO,"College Students",WhatsApp,Tamil,"Tier 2 City Customers",2025-06-10,2025-06-10,6,66416,4839,2693,1958,843898,74.54,4.78,14.29,0.0729,0.015404009092787767,0.4046,0.03806945863125639,11321.411322779715
NY-CMP-1840,"Paid Ads","Working Women",Google,English,"Premium Shoppers",2025-01-20,2025-01-20,11,48259,1088,647,493,143956,436.47,-0.33,4.62,0.0225,0.4011672794117647,0.4531,0.8853346855983774,329.81877334066485
NY-CMP-1841,Influencer,"Working Women",Email,Bengali,"College Students",2025-03-09,2025-03-09,10,72203,1700,391,126,72450,1962.83,-0.71,3.07,0.0235,1.154605882352941,0.0741,15.578015873015872,36.91099076333661
NY-CMP-1842,Email,Youth,"Facebook, YouTube",Bengali,"Tier 2 City Customers",2025-01-26,2025-01-26,16,13193,1160,427,289,217617,1004.47,-0.25,14.22,0.0879,0.8659224137931034,0.2491,3.475674740484429,216.64858084362896
NY-CMP-1843,Influencer,"Working Women","YouTube, Instagram, Email",Bengali,Youth,2024-11-17,2024-11-17,13,17454,1734,890,402,259692,195.12,2.31,17.34,0.0993,0.11252595155709343,0.2318,0.4853731343283582,1330.9348093480935
NY-CMP-1844,"Social Media","Tier 2 City Customers","WhatsApp, Google, Facebook",Bengali,"Premium Shoppers",2025-04-20,2025-04-20,22,43452,6065,1568,903,643839,75.11,8.49,19.64,0.1396,0.012384171475680132,0.1489,0.08317829457364341,8571.947809878844
NY-CMP-1845,Email,"Tier 2 City Customers",Facebook,English,"College Students",2024-12-10,2024-12-10,25,22413,1675,714,271,71815,220.72,0.2,11.87,0.0747,0.13177313432835822,0.1618,0.8144649446494465,325.3669807901414
NY-CMP-1846,"Paid Ads","Premium Shoppers","Google, YouTube",English,Youth,2025-01-20,2025-01-20,19,40581,1593,886,451,307131,404.7,0.68,7.22,0.0393,0.25404896421845574,0.2831,0.8973392461197339,758.9103039288362
NY-CMP-1847,SEO,"College Students","Google, WhatsApp",Tamil,"College Students",2024-10-14,2024-10-14,28,28513,2132,580,419,331429,576.33,0.37,10.98,0.0748,0.2703236397748593,0.1965,1.3754892601431983,575.0681033435704
NY-CMP-1848,Email,"College Students",Email,Tamil,"Tier 2 City Customers",2024-07-10,2024-07-10,28,14147,1461,837,609,249690,421.8,-0.03,20.55,0.1033,0.2887063655030801,0.4168,0.6926108374384237,591.9630156472261
NY-CMP-1849,SEO,Youth,"Facebook, Instagram",English,"Premium Shoppers",2025-01-26,2025-01-26,13,38707,1106,319,185,94165,703.51,-0.28,4.16,0.0286,0.6360849909584086,0.1673,3.802756756756757,133.85026509928787
NY-CMP-1850,Email,"Premium Shoppers","Email, Google",English,"Working Women",2025-04-22,2025-04-22,11,43540,6497,3227,1575,1234800,178.52,3.39,25.95,0.1492,0.027477297214098816,0.2424,0.11334603174603175,6916.8720591530355
NY-CMP-1851,"Paid Ads","College Students",YouTube,Tamil,Youth,2025-04-19,2025-04-19,28,45468,3810,1031,442,305422,222.74,2.1,11.62,0.0838,0.05846194225721785,0.1160,0.5039366515837105,1371.2040944599084
NY-CMP-1852,Influencer,"College Students","WhatsApp, Email",Hindi,"Premium Shoppers",2025-01-11,2025-01-11,29,41505,6170,3483,2771,961537,52.41,5.62,29.93,0.1487,0.008494327390599675,0.4491,0.018913749548899312,18346.441518794123
NY-CMP-1853,"Paid Ads","Working Women","WhatsApp, Google, YouTube",Bengali,"Tier 2 City Customers",2024-11-03,2024-11-03,20,96602,6466,1867,1479,961350,41.85,14.53,10.16,0.0669,0.006472316733683885,0.2287,0.028296146044624746,22971.32616487455
NY-CMP-1854,"Social Media","College Students","WhatsApp, Email",Tamil,"Working Women",2024-11-16,2024-11-16,8,29986,1376,514,325,246350,858.9,-0.12,7.39,0.0459,0.6242005813953488,0.2362,2.6427692307692308,286.82035161252765
NY-CMP-1855,Influencer,"College Students","Instagram, WhatsApp",Bengali,"Tier 2 City Customers",2025-05-07,2025-05-07,9,52781,6190,3519,1965,1554315,29.22,26.07,22.12,0.1173,0.004720516962843296,0.3174,0.014870229007633587,53193.531827515406
NY-CMP-1856,SEO,Youth,"WhatsApp, Instagram",Hindi,"College Students",2024-10-26,2024-10-26,25,69299,8802,4029,1594,564276,55.71,5.35,20.82,0.1270,0.006329243353783231,0.1811,0.034949811794228354,10128.809908454496
NY-CMP-1857,"Paid Ads","Working Women","Email, Google, Instagram",Tamil,Youth,2024-09-12,2024-09-12,6,31670,3702,2008,963,311049,255.91,0.26,21.07,0.1169,0.06912749864937871,0.2601,0.265742471443406,1215.4624672736509
NY-CMP-1858,"Social Media","College Students",Instagram,Tamil,"Tier 2 City Customers",2024-07-08,2024-07-08,17,48282,4460,1741,1078,271656,267.47,-0.06,15.08,0.0924,0.059970852017937226,0.2417,0.24811688311688315,1015.6503533106516
NY-CMP-1859,"Paid Ads","Tier 2 City Customers","Email, Facebook",English,"College Students",2024-10-27,2024-10-27,18,83849,7862,1985,650,314600,458.64,0.06,12.52,0.0938,0.058336301195624524,0.0827,0.7056,685.9410430839002
NY-CMP-1860,"Social Media","Working Women","Google, Facebook, YouTube",English,Youth,2025-01-24,2025-01-24,9,43278,5677,2376,1309,683298,88.83,4.88,21.63,0.1312,0.015647348951911222,0.2306,0.06786096256684492,7692.198581560284
NY-CMP-1861,SEO,"Working Women",WhatsApp,Tamil,"College Students",2024-12-06,2024-12-06,27,70387,4252,2294,1545,692160,156.49,1.86,11.5,0.0604,0.036803857008466605,0.3634,0.10128802588996764,4423.030225573519
NY-CMP-1862,"Social Media","College Students","YouTube, Email, Google",Hindi,"Working Women",2024-07-28,2024-07-28,10,62286,4826,2011,1244,291096,108.13,1.16,12.97,0.0775,0.02240571902196436,0.2578,0.08692122186495177,2692.0928511976326
NY-CMP-1863,Influencer,"Premium Shoppers","WhatsApp, Facebook",Hindi,"Tier 2 City Customers",2025-04-06,2025-04-06,30,56101,5619,3054,1902,1202064,49.61,11.74,18.85,0.1002,0.008828973126890906,0.3385,0.026083070452155625,24230.27615400121
NY-CMP-1864,"Paid Ads","Working Women","Instagram, YouTube, Email",Tamil,"College Students",2024-10-24,2024-10-24,22,61482,2768,1572,518,395752,159.93,3.78,7.9,0.0450,0.05777817919075145,0.1871,0.30874517374517374,2474.532608016007
NY-CMP-1865,SEO,"College Students","WhatsApp, Facebook, Google",Tamil,"Working Women",2024-08-08,2024-08-08,19,57598,3097,1266,600,310800,279.34,0.85,8.62,0.0538,0.09019696480464966,0.1937,0.46556666666666663,1112.6226104388918
NY-CMP-1866,Influencer,"Working Women",WhatsApp,English,Youth,2025-04-17,2025-04-17,16,67958,7166,2675,1623,373290,107.45,1.14,16.87,0.1054,0.014994418085403294,0.2265,0.06620455945779422,3474.0809678920427
NY-CMP-1867,SEO,"Working Women","Email, YouTube",Bengali,"Tier 2 City Customers",2025-04-19,2025-04-19,16,60914,2936,1483,1013,466993,64.35,6.16,8.92,0.0482,0.021917574931880106,0.3450,0.06352418558736427,7257.078477078478
NY-CMP-1868,SEO,"Tier 2 City Customers","Email, Instagram",Tamil,"College Students",2025-04-18,2025-04-18,16,73094,10190,3909,1398,673836,104.18,3.63,21.2,0.1394,0.010223748773307164,0.1372,0.07452074391988556,6467.997696294874
NY-CMP-1869,SEO,"Tier 2 City Customers",YouTube,Hindi,Youth,2024-10-12,2024-10-12,20,89331,3365,1705,1183,330057,253.04,0.1,7,0.0377,0.07519762258543833,0.3516,0.21389687235841082,1304.366898514069
NY-CMP-1870,Email,"Tier 2 City Customers","WhatsApp, Instagram",English,"Premium Shoppers",2024-12-12,2024-12-12,25,84264,5068,1604,1212,892032,162.05,3.54,9.36,0.0601,0.03197513812154696,0.2391,0.1337046204620462,5504.671397716754
NY-CMP-1871,SEO,"Tier 2 City Customers","Facebook, Email, Google",Bengali,"Tier 2 City Customers",2024-08-07,2024-08-07,23,57610,8167,2777,1612,1233180,152.81,4.01,21.79,0.1418,0.0187106648708216,0.1974,0.09479528535980149,8070.021595445324
NY-CMP-1872,Influencer,"Tier 2 City Customers","Instagram, Google, Facebook",English,"Working Women",2025-04-10,2025-04-10,23,39000,2193,1118,685,322635,257.82,0.83,10.25,0.0562,0.11756497948016416,0.3124,0.37637956204379563,1251.3963230160577
NY-CMP-1873,Email,"Premium Shoppers","Facebook, Google, YouTube",English,Youth,2025-05-18,2025-05-18,20,76327,5411,2369,1049,597930,278.22,1.05,11.57,0.0709,0.05141748290519313,0.1939,0.2652240228789323,2149.126590467975
NY-CMP-1874,SEO,"Tier 2 City Customers","Google, Instagram, Facebook",English,"Tier 2 City Customers",2025-03-27,2025-03-27,19,87903,5932,2736,937,656837,81.49,7.6,10.93,0.0675,0.013737356709372891,0.1580,0.08696905016008537,8060.338691864033
NY-CMP-1875,SEO,"Premium Shoppers","Instagram, Email",Bengali,Youth,2025-01-01,2025-01-01,24,40499,2290,791,599,174309,88.14,2.3,9.09,0.0565,0.03848908296943231,0.2616,0.14714524207011687,1977.6378488767868
NY-CMP-1876,Influencer,"Tier 2 City Customers","Facebook, YouTube",Tamil,"Premium Shoppers",2024-12-08,2024-12-08,17,32872,1366,290,186,147870,912.82,-0.13,5.6,0.0416,0.6682430453879942,0.1362,4.907634408602151,161.99250673736333
NY-CMP-1877,Email,"Tier 2 City Customers","Google, Email, Facebook",Bengali,"Working Women",2025-01-10,2025-01-10,20,11315,411,121,81,52731,704.83,-0.08,5.42,0.0363,1.7149148418491484,0.1971,8.701604938271606,74.81378488429834
NY-CMP-1878,"Social Media","College Students","Email, Facebook",English,Youth,2024-07-08,2024-07-08,10,27856,3359,1967,805,264845,77.44,3.25,22.01,0.1206,0.02305448050014885,0.2397,0.09619875776397516,3420.002582644628
NY-CMP-1879,SEO,"Working Women","WhatsApp, Instagram, Facebook",English,"Working Women",2025-03-14,2025-03-14,23,26461,3588,1198,481,288600,608.81,-0.01,19.9,0.1356,0.16967948717948717,0.1341,1.2657172557172556,474.0395197187957
NY-CMP-1880,Email,"College Students",Facebook,Bengali,"Premium Shoppers",2024-08-23,2024-08-23,28,75746,7695,2313,1484,1172360,192.17,3.11,15.17,0.1016,0.024973359324236517,0.1929,0.1294946091644205,6100.6400582817305
NY-CMP-1881,"Social Media","Tier 2 City Customers",WhatsApp,Hindi,"Tier 2 City Customers",2024-08-20,2024-08-20,14,52688,3739,1568,537,363549,240.44,1.82,11.09,0.0710,0.06430596416154052,0.1436,0.44774674115456237,1512.0154716353352
NY-CMP-1882,"Paid Ads","College Students","YouTube, WhatsApp, Email",Hindi,"Premium Shoppers",2025-02-14,2025-02-14,23,34731,3641,1486,939,198129,224.22,-0.06,17.47,0.1048,0.061581982971711066,0.2579,0.23878594249201276,883.6366069039336
NY-CMP-1883,Influencer,"Working Women",Email,Hindi,"Premium Shoppers",2025-03-02,2025-03-02,18,34353,4155,1710,867,681462,152.03,4.17,19.6,0.1210,0.03658965102286402,0.2087,0.1753517877739331,4482.417943826877
NY-CMP-1884,"Social Media","Working Women","Email, Facebook",Bengali,"College Students",2024-12-04,2024-12-04,25,28523,3786,1044,730,255500,183.91,0.9,19.49,0.1327,0.04857633386159535,0.1928,0.2519315068493151,1389.266489043554
NY-CMP-1885,"Social Media",Youth,WhatsApp,Bengali,"College Students",2025-02-28,2025-02-28,15,88723,8224,4737,3542,2518362,16.03,43.36,18.6,0.0927,0.001949173151750973,0.4307,0.004525691699604743,157103.05676855895
NY-CMP-1886,Email,"Working Women",Instagram,Bengali,"Premium Shoppers",2024-12-08,2024-12-08,20,57112,4102,2087,658,493500,221.31,2.39,11.99,0.0718,0.05395173086299366,0.1604,0.3363373860182371,2229.9037549139216
NY-CMP-1887,"Social Media","Premium Shoppers","Email, Google, Facebook",Bengali,"Working Women",2024-07-22,2024-07-22,17,87278,4207,1545,723,336195,125.26,2.71,7.42,0.0482,0.029774185880675066,0.1719,0.17325034578146611,2683.977327159508
NY-CMP-1888,Email,"Tier 2 City Customers","YouTube, Facebook",Tamil,"Working Women",2024-11-23,2024-11-23,6,97901,14549,7758,4438,1429036,18.48,16.42,27.32,0.1486,0.0012701903910921713,0.3050,0.00416403785488959,77328.78787878787
NY-CMP-1889,SEO,Youth,Email,Hindi,"Working Women",2024-09-18,2024-09-18,6,14787,605,272,174,104748,697.23,-0.14,7.11,0.0409,1.1524462809917355,0.2876,4.007068965517242,150.23449937610258
NY-CMP-1890,"Social Media","Premium Shoppers","YouTube, Google",Hindi,"Tier 2 City Customers",2025-05-23,2025-05-23,13,37049,3184,753,484,165044,357.82,-0.05,11.93,0.0859,0.11238065326633166,0.1520,0.7392975206611571,461.24867251690796
NY-CMP-1891,Influencer,"Working Women","WhatsApp, YouTube",Bengali,Youth,2024-11-29,2024-11-29,12,23023,2290,1257,755,450735,221.42,1.7,18.69,0.0995,0.09668995633187773,0.3297,0.29327152317880795,2035.6562189504111
NY-CMP-1892,"Social Media","Working Women",Instagram,Bengali,"Premium Shoppers",2025-03-23,2025-03-23,28,99435,4162,1180,661,272993,396.02,0.04,6.04,0.0419,0.09515136953387794,0.1588,0.5991225416036309,689.3414474016464
NY-CMP-1893,Email,Youth,"Email, Facebook",English,"Premium Shoppers",2025-01-24,2025-01-24,22,13497,525,257,188,146264,690.34,0.13,7.19,0.0389,1.3149333333333333,0.3581,3.672021276595745,211.8724106961787
NY-CMP-1894,"Paid Ads",Youth,"Email, YouTube, Google",English,Youth,2024-11-29,2024-11-29,30,40195,1952,1168,887,652832,60.95,11.08,9.97,0.0486,0.03122438524590164,0.4544,0.06871476888387824,10710.943396226414
NY-CMP-1895,"Social Media","Premium Shoppers","Instagram, Google, WhatsApp",English,Youth,2024-11-24,2024-11-24,21,67206,8337,2021,786,608364,213.59,2.62,16.58,0.1241,0.025619527407940507,0.0943,0.27174300254452927,2848.2794138302356
NY-CMP-1896,Influencer,"Premium Shoppers","WhatsApp, Instagram, Email",Bengali,"Working Women",2024-07-10,2024-07-10,17,50767,1160,563,247,64467,601.12,-0.57,3.88,0.0228,0.5182068965517241,0.2129,2.433684210526316,107.24480968858131
NY-CMP-1897,SEO,"Tier 2 City Customers","WhatsApp, Instagram, YouTube",Bengali,Youth,2025-01-17,2025-01-17,26,27696,3434,1618,1259,751623,137.07,3.36,22.79,0.1240,0.03991555037856727,0.3666,0.10887212073073868,5483.497483037864
NY-CMP-1898,Email,Youth,YouTube,Hindi,Youth,2025-05-06,2025-05-06,20,10667,1302,510,302,150094,745.94,-0.33,19.82,0.1221,0.5729185867895545,0.2320,2.47,201.2145748987854
NY-CMP-1899,"Paid Ads","Working Women",Email,English,"Tier 2 City Customers",2025-05-13,2025-05-13,28,97393,3657,820,477,220851,143.25,2.23,5.09,0.0375,0.039171452009844135,0.1304,0.300314465408805,1541.717277486911
NY-CMP-1900,Email,"Premium Shoppers","Instagram, Google",Hindi,Youth,2024-10-22,2024-10-22,13,90492,4242,1811,1191,877767,111.9,5.59,8.01,0.0469,0.02637906647807638,0.2808,0.09395465994962217,7844.209115281501
NY-CMP-1901,"Social Media","Working Women","Email, WhatsApp",Hindi,Youth,2024-12-11,2024-12-11,12,42636,4732,2488,1965,1432485,150.5,3.84,21.54,0.1110,0.031804733727810654,0.4153,0.07659033078880408,9518.172757475084
NY-CMP-1902,Email,"Tier 2 City Customers","Facebook, Google, YouTube",English,Youth,2024-08-04,2024-08-04,27,25561,2871,1721,1043,515242,142.59,2.46,22.05,0.1123,0.04966562173458725,0.3633,0.13671140939597315,3613.451153657339
NY-CMP-1903,"Paid Ads","Premium Shoppers","Email, Facebook",English,"Premium Shoppers",2024-09-28,2024-09-28,13,29277,3010,1146,517,379478,571.41,0.28,15.96,0.1028,0.18983720930232556,0.1718,1.1052417794970986,664.1080835127142
NY-CMP-1904,"Social Media","Tier 2 City Customers","WhatsApp, Email, Facebook",Tamil,"Working Women",2024-12-09,2024-12-09,19,49627,4573,2549,1689,839433,107.88,3.61,17.75,0.0921,0.023590640717253444,0.3693,0.06387211367673179,7781.173526140156
NY-CMP-1905,Email,Youth,Google,Tamil,"Tier 2 City Customers",2025-04-19,2025-04-19,18,37197,5202,2697,1694,467544,169.33,0.63,25.79,0.1398,0.032550941945405615,0.3256,0.09995867768595042,2761.1409673418766
NY-CMP-1906,"Paid Ads","Tier 2 City Customers","YouTube, Instagram",English,Youth,2024-07-01,2024-07-01,17,62316,6986,2247,1561,393372,54.14,3.65,17.32,0.1121,0.007749785284855425,0.2234,0.03468289557975657,7265.829331363133
NY-CMP-1907,SEO,"College Students","YouTube, WhatsApp",English,"Tier 2 City Customers",2025-01-11,2025-01-11,14,63088,7658,2266,1286,286778,52.07,3.28,17.77,0.1214,0.0067994254374510316,0.1679,0.04048989113530327,5507.547532168235
NY-CMP-1908,SEO,"College Students","YouTube, Google, WhatsApp",Tamil,"Working Women",2025-01-10,2025-01-10,21,39077,5634,1525,890,663940,115.87,5.44,20.6,0.1442,0.0205662051828186,0.1580,0.13019101123595506,5730.0422887719
NY-CMP-1909,Email,Youth,"Email, Facebook",Bengali,"Tier 2 City Customers",2024-07-31,2024-07-31,29,72865,6634,3779,2064,1027872,62.99,6.91,17.12,0.0910,0.00949502562556527,0.3111,0.03051841085271318,16318.018733132243
NY-CMP-1910,"Social Media","Tier 2 City Customers","WhatsApp, Email",Hindi,Youth,2025-01-30,2025-01-30,8,39522,5430,2703,1564,833612,46.62,10.43,24.54,0.1374,0.008585635359116021,0.2880,0.029808184143222505,17880.99528099528
NY-CMP-1911,SEO,"Working Women","YouTube, Instagram",English,Youth,2024-08-28,2024-08-28,6,14720,1553,851,379,116732,170.63,0.81,18.91,0.1055,0.10987121699935608,0.2440,0.4502110817941952,684.1235421672625
NY-CMP-1912,Email,"Tier 2 City Customers","YouTube, Google",Bengali,Youth,2024-07-21,2024-07-21,29,79084,3833,1586,1043,624757,109.8,4.46,8.17,0.0485,0.028645969214714323,0.2721,0.1052732502396932,5689.954462659381
NY-CMP-1913,Email,"Working Women","Instagram, WhatsApp",English,Youth,2025-03-07,2025-03-07,29,40249,2958,993,528,241824,184.68,1.48,11.13,0.0735,0.06243407707910751,0.1785,0.3497727272727273,1309.4217024041584
NY-CMP-1914,Email,Youth,"WhatsApp, Facebook",English,"Premium Shoppers",2024-12-16,2024-12-16,9,96217,5534,1800,854,252784,166.05,0.78,8.51,0.0575,0.03000542103361041,0.1543,0.19443793911007026,1522.336645588678
NY-CMP-1915,SEO,"Premium Shoppers","Facebook, WhatsApp, YouTube",Tamil,"Working Women",2025-02-19,2025-02-19,26,62399,4425,1158,896,417536,120.98,2.85,10.38,0.0709,0.027340112994350282,0.2025,0.13502232142857143,3451.2812035047114
NY-CMP-1916,Email,"Premium Shoppers","Email, Instagram, YouTube",Hindi,"College Students",2024-07-07,2024-07-07,21,40952,3255,1075,386,193772,669.61,-0.25,11.52,0.0795,0.2057173579109063,0.1186,1.7347409326424872,289.38038559758667
NY-CMP-1917,Influencer,"Working Women","Facebook, Google, YouTube",Tamil,"Tier 2 City Customers",2025-02-04,2025-02-04,26,38655,5194,2346,1859,667381,39.11,8.18,24.32,0.1344,0.007529842125529457,0.3579,0.021038192576654114,17064.203528509333
NY-CMP-1918,"Paid Ads","College Students","Google, YouTube",Tamil,"Tier 2 City Customers",2024-08-20,2024-08-20,14,74491,10818,3632,1140,694260,202.09,2.01,20.93,0.1452,0.018680902200036976,0.1054,0.17727192982456141,3435.400069276065
NY-CMP-1919,Email,Youth,YouTube,Hindi,"Tier 2 City Customers",2024-10-29,2024-10-29,28,22174,2611,1111,410,218530,233.32,1.28,18.63,0.1178,0.0893603983148219,0.1570,0.5690731707317073,936.6106634664839
NY-CMP-1920,"Social Media","Tier 2 City Customers","Email, Google",Tamil,"Tier 2 City Customers",2024-12-12,2024-12-12,18,73581,3565,1414,639,168057,300.44,-0.12,7.64,0.0485,0.08427489481065918,0.1792,0.4701721439749609,559.369591266143
NY-CMP-1921,Influencer,"College Students","WhatsApp, Instagram, Facebook",English,"College Students",2025-06-22,2025-06-22,7,18602,1835,897,297,229284,501.3,0.54,16.28,0.0986,0.27318801089918254,0.1619,1.687878787878788,457.37881508078993
NY-CMP-1922,"Paid Ads","Tier 2 City Customers","Facebook, Email",Bengali,"Premium Shoppers",2025-04-05,2025-04-05,14,59636,7610,2133,1704,1242216,50.99,13.3,19.19,0.1276,0.006700394218134034,0.2239,0.029923708920187794,24361.95332418121
NY-CMP-1923,Email,Youth,Facebook,Bengali,"Tier 2 City Customers",2024-09-17,2024-09-17,27,61206,8034,1641,1255,399090,211.86,0.5,17.86,0.1313,0.02637042569081404,0.1562,0.16881274900398408,1883.7439818748228
NY-CMP-1924,"Paid Ads","College Students",WhatsApp,English,"College Students",2024-09-17,2024-09-17,25,98579,3954,1804,601,439331,88.78,7.23,6.45,0.0401,0.022453211937278707,0.1520,0.14772046589018303,4948.5357062401445
NY-CMP-1925,Email,"Tier 2 City Customers",WhatsApp,Hindi,"College Students",2024-12-16,2024-12-16,24,97620,7794,4672,2548,1709708,62,9.82,15.38,0.0798,0.007954837054144213,0.3269,0.02433281004709576,27575.935483870966
NY-CMP-1926,Email,"Tier 2 City Customers",WhatsApp,Tamil,"Premium Shoppers",2025-04-06,2025-04-06,9,62654,8560,3298,1735,733905,40.12,9.54,21.7,0.1366,0.004686915887850467,0.2027,0.023123919308357346,18292.746759720838
NY-CMP-1927,Influencer,"Tier 2 City Customers","Instagram, WhatsApp",Tamil,"Working Women",2025-05-01,2025-05-01,12,28609,1605,719,274,112888,614.39,-0.33,9.08,0.0561,0.38279750778816196,0.1707,2.2422992700729925,183.73996972606977
NY-CMP-1928,"Social Media","College Students",Email,Tamil,"Premium Shoppers",2024-11-22,2024-11-22,17,30607,3151,1323,761,194816,362.99,-0.29,17.1,0.1030,0.11519834973024437,0.2415,0.47699080157687257,536.6979806606242
NY-CMP-1929,SEO,"Working Women","Facebook, YouTube",Bengali,"College Students",2025-04-12,2025-04-12,30,96982,6452,2620,1699,399265,61.3,2.83,11.11,0.0665,0.009500929944203347,0.2633,0.03608004708652148,6513.295269168027
NY-CMP-1930,Email,"College Students","WhatsApp, Google",Tamil,"Working Women",2025-05-16,2025-05-16,21,24722,2665,872,300,158700,805.11,-0.34,15.52,0.1078,0.3021050656660413,0.1126,2.6837,197.11592204791893
NY-CMP-1931,Influencer,Youth,Facebook,English,Youth,2024-07-03,2024-07-03,26,39929,3747,1149,401,284710,361.57,0.96,13.27,0.0938,0.09649586335735255,0.1070,0.9016708229426433,787.4270542356943
NY-CMP-1932,"Paid Ads","Premium Shoppers","WhatsApp, Email, YouTube",Hindi,"Working Women",2025-01-21,2025-01-21,29,27294,654,277,92,72956,867.66,-0.09,3.75,0.0240,1.326697247706422,0.1407,9.431086956521739,84.08362722725492
NY-CMP-1933,"Paid Ads","College Students","Facebook, YouTube, Google",English,"Working Women",2024-11-24,2024-11-24,24,64791,5107,1187,418,221540,162.2,2.27,10.36,0.0788,0.03176032896025063,0.0818,0.3880382775119617,1365.8446362515415
NY-CMP-1934,SEO,"College Students","Facebook, WhatsApp, YouTube",Tamil,"Working Women",2024-10-05,2024-10-05,17,75149,8943,2050,957,695739,175.41,3.14,15.9,0.1190,0.019614223414961423,0.1070,0.18329153605015674,3966.3588164870876
NY-CMP-1935,SEO,"Premium Shoppers","YouTube, WhatsApp, Email",Bengali,"Working Women",2024-12-20,2024-12-20,21,39520,5023,2889,1173,561867,136.76,2.5,22.99,0.1271,0.027226756918176387,0.2335,0.11658994032395566,4108.416203568295
NY-CMP-1936,"Social Media","Tier 2 City Customers","WhatsApp, Email, Instagram",English,Youth,2025-01-20,2025-01-20,13,19944,2122,747,479,131246,196.96,0.39,16.79,0.1064,0.09281809613572102,0.2257,0.4111899791231733,666.3586515028431
NY-CMP-1937,Influencer,Youth,"Email, Google",Bengali,"College Students",2025-01-30,2025-01-30,26,34152,2610,733,253,148764,1063.29,-0.45,10.53,0.0764,0.40739080459770116,0.0969,4.202727272727272,139.9091499026606
NY-CMP-1938,"Social Media","Premium Shoppers","YouTube, Email, Facebook",Bengali,Youth,2025-03-08,2025-03-08,28,16338,850,410,315,202230,810.49,-0.21,9.64,0.0520,0.9535176470588236,0.3706,2.572984126984127,249.51572505521352
NY-CMP-1939,Influencer,"Working Women","Facebook, Email",Bengali,"Premium Shoppers",2024-10-09,2024-10-09,9,30626,3518,1104,838,631014,123.43,5.1,17.83,0.1149,0.03508527572484366,0.2382,0.14729116945107398,5112.322774041967
NY-CMP-1940,SEO,Youth,Facebook,English,"Working Women",2025-04-12,2025-04-12,23,24784,2134,599,213,158472,1383.91,-0.46,11.89,0.0861,0.6485051546391752,0.0998,6.497230046948357,114.51033665484026
NY-CMP-1941,Email,"Working Women","YouTube, Facebook",English,"College Students",2025-03-14,2025-03-14,10,32692,3295,1302,976,425536,281.27,0.55,17.05,0.1008,0.08536267071320182,0.2962,0.28818647540983605,1512.909304227255
NY-CMP-1942,SEO,"Premium Shoppers","WhatsApp, Google",Hindi,"Premium Shoppers",2025-01-09,2025-01-09,27,53144,3442,807,489,184842,549.02,-0.31,8.92,0.0648,0.15950610110400928,0.1421,1.1227402862985685,336.6762595169575
NY-CMP-1943,Influencer,"College Students","Google, YouTube, Facebook",Tamil,Youth,2024-12-15,2024-12-15,14,52958,6805,1980,1308,770412,209.8,1.81,19.06,0.1285,0.030830271858927262,0.1922,0.16039755351681959,3672.1258341277403
NY-CMP-1944,SEO,"Working Women",Email,Tamil,"Working Women",2025-04-23,2025-04-23,7,76844,6573,1660,1001,328328,94.72,2.46,12.02,0.0855,0.01441046706222425,0.1523,0.09462537462537463,3466.300675675676
NY-CMP-1945,"Paid Ads","College Students","Facebook, Google, Instagram",Tamil,"College Students",2025-05-07,2025-05-07,12,58528,3075,1302,747,389187,205.01,1.54,8.75,0.0525,0.066669918699187,0.2429,0.27444444444444444,1898.3805668016196
NY-CMP-1946,"Paid Ads","Premium Shoppers","WhatsApp, Google, Instagram",English,"Tier 2 City Customers",2025-01-27,2025-01-27,22,63505,9081,4460,2222,1099890,93.97,4.27,24.82,0.1430,0.010347979297434202,0.2447,0.04229072907290729,11704.69298712355
NY-CMP-1947,SEO,Youth,"Instagram, WhatsApp, Google",Bengali,"Premium Shoppers",2025-05-07,2025-05-07,16,18795,942,543,342,142614,652.27,-0.36,9.72,0.0501,0.6924309978768577,0.3631,1.9072222222222222,218.64258665889892
NY-CMP-1948,"Paid Ads","Premium Shoppers",YouTube,English,"Premium Shoppers",2025-02-19,2025-02-19,22,68956,5933,3518,2435,1631450,72.01,8.3,17.24,0.0860,0.01213719871902916,0.4104,0.029572895277207394,22655.881127621164
NY-CMP-1949,SEO,"College Students","Email, YouTube",Bengali,"College Students",2025-03-02,2025-03-02,26,75367,2927,1010,424,203944,379.71,0.27,5.79,0.0388,0.12972668261018105,0.1449,0.8955424528301886,537.1046324826842
NY-CMP-1950,"Paid Ads",Youth,"YouTube, Google, WhatsApp",English,Youth,2024-10-25,2024-10-25,22,41179,6108,1542,1167,764385,114.26,4.73,21.41,0.1483,0.018706614276358873,0.1911,0.09790916880891175,6689.873971643619
NY-CMP-1951,Influencer,"Working Women",Email,Bengali,"Working Women",2024-09-04,2024-09-04,21,17823,2183,726,226,70060,1002.76,-0.69,17.59,0.1225,0.45934951901053594,0.1035,4.436991150442478,69.86716662012844
NY-CMP-1952,"Social Media","Premium Shoppers","YouTube, WhatsApp",English,"Premium Shoppers",2025-05-04,2025-05-04,5,24724,2255,576,293,126283,721.73,-0.4,12.64,0.0912,0.3200576496674058,0.1299,2.4632423208191128,174.9726351959874
NY-CMP-1953,Email,"Working Women","Facebook, Google",Hindi,"College Students",2025-04-16,2025-04-16,9,79078,5564,1586,717,382161,272.88,0.95,9.95,0.0704,0.04904385334291876,0.1289,0.3805857740585774,1400.4727352682498
NY-CMP-1954,"Social Media",Youth,"Google, WhatsApp",Bengali,"Working Women",2024-10-24,2024-10-24,26,61722,6584,3476,2535,795990,83.27,2.77,20.41,0.1067,0.012647326852976913,0.3850,0.032848126232741616,9559.144950162123
NY-CMP-1955,SEO,"College Students","Google, Facebook",Bengali,"Working Women",2025-05-22,2025-05-22,16,77775,2403,536,191,39919,1436.63,-0.85,4.02,0.0309,0.5978485226799835,0.0795,7.521623036649215,27.786556037393062
NY-CMP-1956,"Paid Ads","Working Women","YouTube, Instagram",English,"Working Women",2025-02-26,2025-02-26,14,92072,5849,2558,1750,1226750,143.64,3.88,11.03,0.0635,0.024558044110104288,0.2992,0.08207999999999999,8540.448343079923
NY-CMP-1957,Influencer,Youth,"WhatsApp, Facebook, Instagram",Bengali,"Tier 2 City Customers",2024-12-15,2024-12-15,13,97546,13388,6028,3258,1475874,61.72,6.34,23.24,0.1372,0.004610098595757395,0.2434,0.01894413750767342,23912.410887880753
NY-CMP-1958,"Paid Ads","College Students",Google,Bengali,"Premium Shoppers",2025-01-25,2025-01-25,17,88472,9910,5890,4696,2127288,20.41,21.19,23.17,0.1120,0.0020595358224016146,0.4739,0.004346252129471891,104227.73150416462
NY-CMP-1959,Influencer,"Working Women","Google, YouTube, Instagram",Tamil,Youth,2024-10-30,2024-10-30,9,46819,6883,2035,1325,364375,174.79,0.57,21.88,0.1470,0.025394450094435566,0.1925,0.13191698113207548,2084.6444304594083
NY-CMP-1960,SEO,Youth,Facebook,Bengali,"Tier 2 City Customers",2025-02-10,2025-02-10,26,77406,4668,2745,1064,228760,255.92,-0.16,10.95,0.0603,0.05482433590402742,0.2279,0.24052631578947367,893.8730853391685
NY-CMP-1961,SEO,Youth,YouTube,English,"Premium Shoppers",2024-12-31,2024-12-31,26,28339,1610,427,193,88780,987.59,-0.53,7.87,0.0568,0.6134099378881988,0.1199,5.117046632124352,89.89560445123989
NY-CMP-1962,Email,"Tier 2 City Customers","Google, Instagram",Bengali,"Premium Shoppers",2024-10-08,2024-10-08,21,88980,8010,2009,1434,727038,154.94,2.27,12.87,0.0900,0.019343320848938826,0.1790,0.10804741980474197,4692.384148702724
NY-CMP-1963,"Paid Ads","Working Women",WhatsApp,Hindi,"Tier 2 City Customers",2025-02-23,2025-02-23,14,57665,6478,1927,1048,666528,220.74,1.88,16.39,0.1123,0.034075331892559436,0.1618,0.21062977099236643,3019.516172873063
NY-CMP-1964,"Social Media","Working Women","Facebook, YouTube, Google",Bengali,"College Students",2025-03-11,2025-03-11,14,29230,3723,1897,716,519816,240.83,2.01,21.68,0.1274,0.06468708031157669,0.1923,0.33635474860335196,2158.4354108707385
NY-CMP-1965,"Social Media",Youth,"Instagram, Facebook, Email",English,"Premium Shoppers",2024-09-29,2024-09-29,21,70440,3435,778,381,248031,437.48,0.49,6.52,0.0488,0.1273595342066958,0.1109,1.148241469816273,566.9539178933894
NY-CMP-1966,"Social Media","Tier 2 City Customers","Google, Facebook, Instagram",Hindi,"Working Women",2025-02-03,2025-02-03,25,52312,3242,1456,503,385801,439.18,0.75,9.94,0.0620,0.13546576187538556,0.1552,0.8731212723658052,878.4575800355208
NY-CMP-1967,"Social Media",Youth,Email,Tamil,"Tier 2 City Customers",2024-10-02,2024-10-02,20,87942,6822,2887,2046,619938,77.84,2.89,13.37,0.0776,0.011410143652887717,0.2999,0.03804496578690127,7964.260020554984
NY-CMP-1968,SEO,"College Students","WhatsApp, Facebook, Instagram",Tamil,"Working Women",2025-01-03,2025-01-03,26,12314,829,410,272,170544,527.19,0.19,12.27,0.0673,0.6359348612786491,0.3281,1.938198529411765,323.49627269106014
NY-CMP-1969,SEO,"Premium Shoppers","YouTube, Google",English,"Premium Shoppers",2025-01-10,2025-01-10,17,35038,4485,1278,748,319396,360.6,0.18,18.58,0.1280,0.08040133779264215,0.1668,0.48208556149732623,885.73488630061
NY-CMP-1970,SEO,"Tier 2 City Customers","Facebook, Email",English,Youth,2024-07-07,2024-07-07,10,74506,9361,1913,1455,391395,88.43,2.04,17.08,0.1256,0.009446640316205535,0.1554,0.0607766323024055,4426.043198009725
NY-CMP-1971,SEO,"College Students",YouTube,Hindi,"College Students",2024-10-17,2024-10-17,8,68209,7861,3664,1404,1076868,110.59,5.94,18.95,0.1152,0.014068184709324513,0.1786,0.07876780626780627,9737.480784881092
NY-CMP-1972,"Paid Ads","Premium Shoppers","YouTube, Instagram, Facebook",English,"Working Women",2025-04-02,2025-04-02,17,78113,9327,3710,2657,587197,87.37,1.53,20.09,0.1194,0.009367427897501876,0.2849,0.032882950696274,6720.808057685704
NY-CMP-1973,"Social Media","Tier 2 City Customers",Email,Bengali,Youth,2024-07-13,2024-07-13,5,10061,1252,565,205,126895,885.31,-0.3,20.1,0.1244,0.7071166134185303,0.1637,4.318585365853658,143.3339734104438
NY-CMP-1974,"Social Media","Premium Shoppers","Instagram, YouTube",Hindi,Youth,2025-05-12,2025-05-12,14,72592,3842,1967,657,323244,141.15,2.49,8.91,0.0529,0.03673867777199376,0.1710,0.21484018264840182,2290.0743889479277
NY-CMP-1975,Influencer,Youth,"Facebook, Instagram, YouTube",Hindi,"Premium Shoppers",2024-12-31,2024-12-31,21,43830,4103,2331,1461,619464,132.41,2.2,18.01,0.0936,0.032271508652205703,0.3561,0.09062970568104038,4678.3777660297565
NY-CMP-1976,"Paid Ads",Youth,"WhatsApp, Email",English,Youth,2024-09-30,2024-09-30,5,49293,3665,2163,1069,738679,220.92,2.13,13.99,0.0744,0.06027830832196453,0.2917,0.2066604303086997,3343.6492848089806
NY-CMP-1977,SEO,Youth,YouTube,Tamil,"College Students",2024-09-24,2024-09-24,17,13025,900,351,138,56718,857.82,-0.52,10.66,0.0691,0.9531333333333334,0.1533,6.21608695652174,66.11876617472197
NY-CMP-1978,Email,"Tier 2 City Customers","YouTube, Facebook",Tamil,"College Students",2024-10-02,2024-10-02,19,94688,13340,3749,2973,2033532,83.05,7.24,21.19,0.1409,0.006225637181409295,0.2229,0.0279347460477632,24485.635159542446
NY-CMP-1979,Influencer,Youth,"Google, Facebook",English,"Working Women",2025-02-09,2025-02-09,25,22043,1522,904,297,187407,625.02,0.01,12.35,0.0690,0.4106570302233903,0.1951,2.1044444444444443,299.8416050686378
NY-CMP-1980,SEO,"Tier 2 City Customers","Instagram, Google, Facebook",Tamil,"College Students",2025-03-17,2025-03-17,27,96662,8998,4724,3719,2372722,31.91,18.99,18.04,0.0931,0.003546343631918204,0.4133,0.008580263511696693,74356.69069257285
NY-CMP-1981,"Paid Ads","Premium Shoppers","Facebook, Email",English,Youth,2025-03-01,2025-03-01,21,33154,4100,1888,1307,589457,181.94,1.48,22,0.1237,0.04437560975609756,0.3188,0.13920428462127007,3239.842805320435
NY-CMP-1982,"Social Media","College Students","Google, Facebook",Tamil,Youth,2025-05-25,2025-05-25,22,65521,2666,997,719,433557,411.58,0.47,6.69,0.0407,0.15438109527381844,0.2697,0.5724339360222531,1053.3966665046894
NY-CMP-1983,SEO,"Working Women","YouTube, Email",Tamil,Youth,2024-12-08,2024-12-08,23,16264,1635,615,222,116994,1094.59,-0.52,15.2,0.1005,0.6694740061162079,0.1358,4.930585585585585,106.88385605569209
NY-CMP-1984,"Paid Ads","College Students","Facebook, Email",Hindi,"Premium Shoppers",2024-10-16,2024-10-16,21,24261,579,334,170,62050,1324.75,-0.72,4.46,0.0239,2.2879965457685665,0.2936,7.79264705882353,46.83902623136441
NY-CMP-1985,Email,Youth,Facebook,Tamil,"College Students",2025-05-09,2025-05-09,9,45617,4028,1498,477,321021,118.3,4.69,13.16,0.0883,0.02936941410129096,0.1184,0.24800838574423478,2713.6179205409976
NY-CMP-1986,Influencer,"Tier 2 City Customers","YouTube, Instagram, WhatsApp",English,"Working Women",2024-11-23,2024-11-23,26,30425,4406,1040,639,288189,208.03,1.17,20,0.1448,0.047215161143894686,0.1450,0.32555555555555554,1385.3242320819113
NY-CMP-1987,SEO,Youth,Google,Hindi,"Premium Shoppers",2024-09-06,2024-09-06,10,81259,5620,1166,704,506880,180.35,2.99,9.22,0.0692,0.03209074733096085,0.1253,0.25617897727272726,2810.5350706958693
NY-CMP-1988,Influencer,"Tier 2 City Customers","WhatsApp, Google",Tamil,"Tier 2 City Customers",2024-12-28,2024-12-28,16,58571,3711,1363,439,206769,126.54,2.72,9.41,0.0634,0.03409862570735651,0.1183,0.28824601366742597,1634.0208629682313
NY-CMP-1989,Influencer,"Tier 2 City Customers","Instagram, Facebook",English,"Tier 2 City Customers",2025-03-02,2025-03-02,29,15354,2092,1088,688,491232,126.52,4.64,25.19,0.1363,0.060478011472275335,0.3289,0.1838953488372093,3882.6430603857098
NY-CMP-1990,Influencer,"Working Women","Email, Facebook, YouTube",Tamil,Youth,2024-12-01,2024-12-01,13,56784,1296,521,230,114080,885.5,-0.44,3.6,0.0228,0.6832561728395061,0.1775,3.85,128.83116883116884
NY-CMP-1991,SEO,"College Students","Email, Instagram, WhatsApp",Hindi,"Tier 2 City Customers",2025-03-20,2025-03-20,16,12008,1668,403,297,144342,349.52,0.39,19.72,0.1389,0.20954436450839328,0.1781,1.1768350168350168,412.97207598992907
NY-CMP-1992,"Paid Ads","Premium Shoppers","Google, YouTube",Bengali,"Tier 2 City Customers",2024-11-08,2024-11-08,5,64806,8899,5044,3191,1975229,56.06,10.04,26.44,0.1373,0.006299584222946399,0.3586,0.017568160451269195,35234.19550481626
NY-CMP-1993,"Social Media","Working Women","YouTube, Facebook, Instagram",Tamil,"Tier 2 City Customers",2024-11-28,2024-11-28,13,50726,2395,540,295,71685,601.55,-0.6,6.37,0.0472,0.2511691022964509,0.1232,2.0391525423728813,119.1671515252265
NY-CMP-1994,Influencer,"College Students",WhatsApp,Bengali,"Working Women",2025-01-01,2025-01-01,27,81475,7438,2328,708,238596,337.43,0,12.86,0.0913,0.04536568970153267,0.0952,0.4765960451977401,707.0977684260439
NY-CMP-1995,Influencer,"Tier 2 City Customers",Google,Bengali,"Working Women",2024-07-01,2024-07-01,12,19354,2690,712,234,149994,1192.35,-0.46,18.79,0.1390,0.4432527881040892,0.0870,5.09551282051282,125.79695559189837
NY-CMP-1996,Email,"Working Women",YouTube,English,"Premium Shoppers",2024-10-14,2024-10-14,18,64477,3116,1368,532,143640,112.62,1.4,7.78,0.0483,0.03614249037227214,0.1707,0.2116917293233083,1275.4395311667554
NY-CMP-1997,SEO,"Working Women","Facebook, WhatsApp, Instagram",Hindi,Youth,2025-05-14,2025-05-14,30,28155,1350,601,453,310758,362.55,0.89,8.54,0.0479,0.26855555555555555,0.3356,0.8003311258278146,857.1452213487795
NY-CMP-1998,Email,"Working Women",Facebook,English,"College Students",2025-05-17,2025-05-17,8,52054,3203,696,228,100320,843.92,-0.48,7.93,0.0615,0.2634779893849516,0.0712,3.7014035087719295,118.87382690302398
NY-CMP-1999,Email,"Premium Shoppers",WhatsApp,Hindi,"College Students",2025-03-26,2025-03-26,15,23635,1692,457,153,81090,1390.76,-0.62,9.74,0.0716,0.8219621749408983,0.0904,9.089934640522875,58.30624982024217
